ID_0,ISO,NAME_0,ID_1,NAME_1,ID_2,NAME_2,HASC_2,CCN_2,CCA_2,TYPE_2,ENGTYPE_2,NL_NAME_2,VARNAME_2,Name,Ukrainian,Russian,prev_name,Whole population
240,UKR,Ukraine,1,Cherkasy,1,cherkaska,UA.CK.CM,0,,Mis'ka Rada,Mis'ka Rada,,,cherkaska,79.07,18.67,CHERKASY (miskrada),293556.0
240,UKR,Ukraine,1,Cherkasy,2,cherkaskyi,UA.CK.CR,0,,Raion,District,,,cherkaskyi,96.84,2.91,CHERKASKYI RAION,78346.0
240,UKR,Ukraine,1,Cherkasy,3,chornobaivskyi,UA.CK.CB,0,,Raion,District,,Chornobayivskyi,chornobaivskyi,97.29,2.27,CHORNOBAIVSKYI RAION,49741.0
240,UKR,Ukraine,1,Cherkasy,4,chyhyrynskyi,UA.CK.CY,0,,Raion,District,,,chyhyrynskyi,95.46,3.63,CHYHYRYNSKYI RAION,36111.0
240,UKR,Ukraine,1,Cherkasy,5,drabivskyi,UA.CK.DR,0,,Raion,District,,,drabivskyi,98.01,1.56,DRABIVSKYI RAION,42818.0
240,UKR,Ukraine,1,Cherkasy,6,horodyshchenskyi,UA.CK.HO,0,,Raion,District,,Gorodyschenskyi,horodyshchenskyi,97.56,1.99,HORODYSHCHENSKYI RAION,49201.0
240,UKR,Ukraine,1,Cherkasy,7,kamianskyi,UA.CK.KN,0,,Raion,District,,,kamianskyi,96.78,2.97,KAMIANSKYI RAION,35580.0
240,UKR,Ukraine,1,Cherkasy,8,kanivska,UA.CK.KM,0,,Misto,City,,,kanivska,88.43,11.24,m. KANIV,26735.0
240,UKR,Ukraine,1,Cherkasy,9,kanivskyi,UA.CK.KR,0,,Raion,District,,,kanivskyi,96.95,2.75,KANIVSKYI RAION,24843.0
240,UKR,Ukraine,1,Cherkasy,10,katerynopilskyi,UA.CK.KT,0,,Raion,District,,,katerynopilskyi,98.01,1.6,KATERYNOPILSKYI RAION,28993.0
240,UKR,Ukraine,1,Cherkasy,11,khrystynivskyi,UA.CK.KH,0,,Raion,District,,,khrystynivskyi,97.09,2.25,KHRYSTYNIVSKYI RAION,39454.0
240,UKR,Ukraine,1,Cherkasy,12,korsun-shevchenkivskyi,UA.CK.KO,0,,Raion,District,,KorsunShevchenkiv,korsun-shevchenkivskyi,96.57,2.5,KORSUN-SHEVCHENKIVSKYI RAION,50052.0
240,UKR,Ukraine,1,Cherkasy,13,lysianskyi,UA.CK.LY,0,,Raion,District,,,lysianskyi,98.29,1.42,LYSIANSKYI RAION,28762.0
240,UKR,Ukraine,1,Cherkasy,14,mankivskyi,UA.CK.MA,0,,Raion,District,,Mankivskyi,mankivskyi,98.12,1.59,MANKIVSKYI RAION,33196.0
240,UKR,Ukraine,1,Cherkasy,15,monastyryshchenskyi,UA.CK.MO,0,,Raion,District,,Monastyryshchens',monastyryshchenskyi,98.38,1.29,MONASTYRYSHCHENSKYI RAION,40501.0
240,UKR,Ukraine,1,Cherkasy,16,shpolianskyi,UA.CK.SH,0,,Raion,District,,,shpolianskyi,97.74,1.8,SHPOLIANSKYI RAION,51959.0
240,UKR,Ukraine,1,Cherkasy,17,smilianskyi,UA.CK.SR,0,,Raion,District,,,smilianskyi,96.97,2.67,SMILIANSKYI RAION,38370.0
240,UKR,Ukraine,1,Cherkasy,18,talnivskyi,UA.CK.TA,0,,Raion,District,,,talnivskyi,97.66,1.77,TALNIVSKYI RAION,43685.0
240,UKR,Ukraine,1,Cherkasy,19,umanska,UA.CK.UM,0,,Misto,City,,,umanska,93.27,6.38,m. UMAN,87843.0
240,UKR,Ukraine,1,Cherkasy,20,umanskyi,UA.CK.UR,0,,Raion,District,,,umanskyi,97.34,2.18,UMANSKYI RAION,51500.0
240,UKR,Ukraine,1,Cherkasy,21,zhashkivskyi,UA.CK.ZH,0,,Raion,District,,,zhashkivskyi,98.11,1.5,ZHASHKIVSKYI RAION,45483.0
240,UKR,Ukraine,1,Cherkasy,22,zolotoniskyi,UA.CK.ZR,0,,Raion,District,,,zolotoniskyi,96.5,2.96,ZOLOTONISKYI RAION,48831.0
240,UKR,Ukraine,1,Cherkasy,23,zvenyhorodskyi,UA.CK.ZV,0,,Raion,District,,,zvenyhorodskyi,97.64,2.02,ZVENYHORODSKYI RAION,53683.0
240,UKR,Ukraine,2,Chernihiv,24,bakhmatskyi,UA.CH.BA,0,,Raion,District,,Bahmatskyi,bakhmatskyi,97.09,2.51,BAKHMATSKYI RAION,55820.0
240,UKR,Ukraine,2,Chernihiv,25,bobrovytskyi,UA.CH.BB,0,,Raion,District,,Bobrovytskyi,bobrovytskyi,97.88,1.75,BOBROVYTSKYI RAION,40993.0
240,UKR,Ukraine,2,Chernihiv,26,borznianskyi,UA.CH.BZ,0,,Raion,District,,Borznyanskyi,borznianskyi,98.43,1.39,BORZNIANSKYI RAION,43555.0
240,UKR,Ukraine,2,Chernihiv,27,chernihivska,UA.CH.CM,0,,Misto,City,,Chernigiv,chernihivska,74.01,24.5,m. CHERNIHIV,299038.0
240,UKR,Ukraine,2,Chernihiv,28,chernihivskyi,UA.CH.CR,0,,Raion,District,,Chernigivskyi,chernihivskyi,93.54,5.92,CHERNIHIVSKYI RAION,22201.0
240,UKR,Ukraine,2,Chernihiv,28,chernihivskyi,UA.CH.CR,0,,Raion,District,,Chernigivskyi,chernihivskyi,93.54,5.92,CHERNIHIVSKYI RAION,61463.0
240,UKR,Ukraine,2,Chernihiv,28,chernihivskyi,UA.CH.CR,0,,Raion,District,,Chernigivskyi,chernihivskyi,95.42,4.04,CHERNIHIVSKYI RAION,22201.0
240,UKR,Ukraine,2,Chernihiv,28,chernihivskyi,UA.CH.CR,0,,Raion,District,,Chernigivskyi,chernihivskyi,95.42,4.04,CHERNIHIVSKYI RAION,61463.0
240,UKR,Ukraine,2,Chernihiv,29,horodnianskyi,UA.CH.HO,0,,Raion,District,,Gorodnyanskyi,horodnianskyi,92.46,6.99,HORODNIANSKYI RAION,36349.0
240,UKR,Ukraine,2,Chernihiv,30,ichnianskyi,UA.CH.IC,0,,Raion,District,,Ichnyanskyi,ichnianskyi,97.83,2.0,ICHNIANSKYI RAION,40945.0
240,UKR,Ukraine,2,Chernihiv,31,koriukivskyi,UA.CH.KK,0,,Raion,District,,Koryukivskyi,koriukivskyi,96.93,2.81,KORIUKIVSKYI RAION,33558.0
240,UKR,Ukraine,2,Chernihiv,32,koropskyi,UA.CH.KP,0,,Raion,District,,Koropskyi,koropskyi,97.8,2.02,KOROPSKYI RAION,32139.0
240,UKR,Ukraine,2,Chernihiv,33,kozeletskyi,UA.CH.KZ,0,,Raion,District,,Kozeletskyi,kozeletskyi,95.77,3.84,KOZELETSKYI RAION,61636.0
240,UKR,Ukraine,2,Chernihiv,34,kulykivskyi,UA.CH.KU,0,,Raion,District,,Kulykivskyi,kulykivskyi,97.97,1.71,KULYKIVSKYI RAION,22472.0
240,UKR,Ukraine,2,Chernihiv,35,menskyi,UA.CH.ME,0,,Raion,District,,Menskyi,menskyi,97.54,2.14,MENSKYI RAION,45408.0
240,UKR,Ukraine,2,Chernihiv,36,nizhynska,UA.CH.NM,0,,Misto,City,,,nizhynska,89.54,8.89,m. NIZHYN,76059.0
240,UKR,Ukraine,2,Chernihiv,37,nizhynskyi,UA.CH.NR,0,,Raion,District,,Nizhynskyi,nizhynskyi,98.51,1.34,NIZHYNSKYI RAION,36708.0
240,UKR,Ukraine,2,Chernihiv,38,nosivskyi,UA.CH.NO,0,,Raion,District,,Nosivskyi,nosivskyi,97.92,1.71,NOSIVSKYI RAION,37439.0
240,UKR,Ukraine,2,Chernihiv,39,novhorod-siverskyi,UA.CH.NS,0,,Raion,District,,NovgorodSiverskyi,novhorod-siverskyi,63.93,35.93,NOVHOROD-SIVERSKYI RAION,36031.0
240,UKR,Ukraine,2,Chernihiv,40,prylutska,UA.CH.PM,0,,Misto,City,,,prylutska,92.91,6.77,m. PRYLUKY,64069.0
240,UKR,Ukraine,2,Chernihiv,41,prylutskyi,UA.CH.PR,0,,Raion,District,,Prylutskyi,prylutskyi,97.23,2.44,PRYLUTSKYI RAION,45127.0
240,UKR,Ukraine,2,Chernihiv,42,ripkynskyi,UA.CH.RI,0,,Raion,District,,Ripchanskyi,ripkynskyi,87.64,11.4,RIPKYNSKYI RAION,37547.0
240,UKR,Ukraine,2,Chernihiv,43,semenivskyi,UA.CH.SE,0,,Raion,District,,Semenivskyi,semenivskyi,97.26,2.15,SEMENIVSKYI RAION,32667.0
240,UKR,Ukraine,2,Chernihiv,43,semenivskyi,UA.CH.SE,0,,Raion,District,,Semenivskyi,semenivskyi,97.26,2.15,SEMENIVSKYI RAION,23465.0
240,UKR,Ukraine,2,Chernihiv,43,semenivskyi,UA.CH.SE,0,,Raion,District,,Semenivskyi,semenivskyi,80.37,19.39,SEMENIVSKYI RAION,32667.0
240,UKR,Ukraine,2,Chernihiv,43,semenivskyi,UA.CH.SE,0,,Raion,District,,Semenivskyi,semenivskyi,80.37,19.39,SEMENIVSKYI RAION,23465.0
240,UKR,Ukraine,2,Chernihiv,44,shchorskyi,UA.CH.SH,0,,Raion,District,,Schorskyi,shchorskyi,89.36,10.3,SHCHORSKYI RAION,30438.0
240,UKR,Ukraine,2,Chernihiv,45,sosnytskyi,UA.CH.SO,0,,Raion,District,,Sosnytskyi,sosnytskyi,98.4,1.44,SOSNYTSKYI RAION,24715.0
240,UKR,Ukraine,2,Chernihiv,46,sribnianskyi,UA.CH.SR,0,,Raion,District,,Sribnyanskyi,sribnianskyi,98.32,1.54,SRIBNIANSKYI RAION,14534.0
240,UKR,Ukraine,2,Chernihiv,47,talala‹vskyi,UA.CH.TA,0,,Raion,District,,Talalayivskyi,talala‹vskyi,97.95,1.89,TALALAIVSKYI RAION,16583.0
240,UKR,Ukraine,2,Chernihiv,48,varvynskyi,UA.CH.VA,0,,Raion,District,,Varvenskyi,varvynskyi,96.98,2.71,VARVYNSKYI RAION,19974.0
240,UKR,Ukraine,3,Chernivtsi,49,chernivetska,UA.CV.CH,0,,Misto,City,,Chernivtsi,chernivetska,99.22,0.64,CHERNIVETSKYI RAION,28660.0
240,UKR,Ukraine,3,Chernivtsi,50,hlybotskyi,UA.CV.HL,0,,Raion,District,,,hlybotskyi,52.56,1.15,HLYBOTSKYI RAION,72676.0
240,UKR,Ukraine,3,Chernivtsi,51,kelmenetskyi,UA.CV.KE,0,,Raion,District,,Kelmenetskyi,kelmenetskyi,97.75,1.32,KELMENETSKYI RAION,48468.0
240,UKR,Ukraine,3,Chernivtsi,52,khotynskyi,UA.CV.KH,0,,Raion,District,,Khotynskyi,khotynskyi,91.57,1.27,KHOTYNSKYI RAION,72398.0
240,UKR,Ukraine,3,Chernivtsi,53,kitsmanskyi,UA.CV.KI,0,,Raion,District,,Kitsmanskyi,kitsmanskyi,98.83,0.9,KITSMANSKYI RAION,72884.0
240,UKR,Ukraine,3,Chernivtsi,54,novoselitskyi,UA.CV.NS,0,,Raion,District,,Novoselytskyi,novoselitskyi,34.08,1.78,NOVOSELYTSKYI RAION,87461.0
240,UKR,Ukraine,3,Chernivtsi,55,putylskyi,UA.CV.PU,0,,Raion,District,,Putylskyi,putylskyi,99.47,0.37,PUTYLSKYI RAION,25352.0
240,UKR,Ukraine,3,Chernivtsi,56,sokyrianskyi,UA.CV.SO,0,,Raion,District,,Sokyryanskyi,sokyrianskyi,90.42,6.4,SOKYRIANSKYI RAION,48889.0
240,UKR,Ukraine,3,Chernivtsi,57,storozhynetskyi,UA.CV.ST,0,,Raion,District,,Storozhynetskyi,storozhynetskyi,61.42,1.81,STOROZHYNETSKYI RAION,95295.0
240,UKR,Ukraine,3,Chernivtsi,58,vyzhnytskyi,UA.CV.VY,0,,Raion,District,,Vyzhnytskyi,vyzhnytskyi,98.52,1.03,VYZHNYTSKYI RAION,59993.0
240,UKR,Ukraine,3,Chernivtsi,59,zastavnetskyi,UA.CV.ZA,0,,Raion,District,,Zastavnenskyi,zastavnetskyi,99.22,0.59,ZASTAVNIVSKYI RAION,56261.0
240,UKR,Ukraine,4,Crimea,60,alushtynska,UA.KR.AL,0,,Mis'ka Rada,Mis'ka Rada,,Alushta,alushtynska,9.67,83.68,ALUSHTA (miskrada),52215.0
240,UKR,Ukraine,4,Crimea,61,bakhchysaraiskyi,UA.KR.BA,0,,Raion,District,,Baghchasaray,bakhchysaraiskyi,8.21,69.3,BAKHCHYSARAISKYI RAION,92542.0
240,UKR,Ukraine,4,Crimea,62,bilohirskyi,UA.KR.BI,0,,Raion,Raion,,Belogorskiy,bilohirskyi,7.92,60.43,BILOHIRSKYI RAION,66458.0
240,UKR,Ukraine,4,Crimea,62,bilohirskyi,UA.KR.BI,0,,Raion,Raion,,Belogorskiy,bilohirskyi,7.92,60.43,BILOHIRSKYI RAION,31707.0
240,UKR,Ukraine,4,Crimea,62,bilohirskyi,UA.KR.BI,0,,Raion,Raion,,Belogorskiy,bilohirskyi,99.01,0.83,BILOHIRSKYI RAION,66458.0
240,UKR,Ukraine,4,Crimea,62,bilohirskyi,UA.KR.BI,0,,Raion,Raion,,Belogorskiy,bilohirskyi,99.01,0.83,BILOHIRSKYI RAION,31707.0
240,UKR,Ukraine,4,Crimea,63,chornomorskyi,UA.KR.CH,0,,Raion,Raion,,Chornomorskiy,chornomorskyi,14.81,70.94,CHORNOMORSKYI RAION,34112.0
240,UKR,Ukraine,4,Crimea,64,dzhankoiska,UA.KR.DM,0,,Misto,City,,Dzhankoy,dzhankoiska,7.6,83.14,m. DZHANKOI,42861.0
240,UKR,Ukraine,4,Crimea,65,dzhankoiskyi,UA.KR.DR,0,,Raion,Raion,,,dzhankoiskyi,15.84,62.04,DZHANKOISKYI RAION,82328.0
240,UKR,Ukraine,4,Crimea,66,feodosiiska,UA.KR.FE,0,,Misto,City,,Feodosiya,feodosiiska,7.35,87.32,FEODOSIIA (miskrada),108788.0
240,UKR,Ukraine,4,Crimea,67,ialtynska,UA.KR.IA,0,,Misto,City,,Yalta,ialtynska,10.12,86.79,YALTA (miskrada),139584.0
240,UKR,Ukraine,4,Crimea,68,ievpatoriiska,UA.KR.IE,0,,Misto,City,,,ievpatoriiska,8.73,83.69,YEVPATORIIA (miskrada),117565.0
240,UKR,Ukraine,4,Crimea,69,kerchenska,UA.KR.KE,0,,Misto,City,,Kerch,kerchenska,5.27,91.34,m. KERCH,158165.0
240,UKR,Ukraine,4,Crimea,70,kirovskyi,UA.KR.KI,0,,Raion,Raion,,Kirovskiy,kirovskyi,8.38,64.18,KIROVSKYI RAION,58016.0
240,UKR,Ukraine,4,Crimea,71,krasnohvardiiskyi,UA.KR.KH,0,,Raion,Raion,,Krasnohvardiyske,krasnohvardiiskyi,11.94,69.42,KRASNOHVARDIISKYI RAION,93782.0
240,UKR,Ukraine,4,Crimea,72,krasnoperekopskyi,UA.KR.KR,0,,Raion,District,,Krasnoperekopsk,krasnoperekopskyi,26.78,53.26,KRASNOPEREKOPSKYI RAION,31843.0
240,UKR,Ukraine,4,Crimea,73,leninskyi,UA.KR.LE,0,,Raion,Raion,,Leninskiy,leninskyi,10.57,70.39,LENINSKYI RAION,69629.0
240,UKR,Ukraine,4,Crimea,73,leninskyi,UA.KR.LE,0,,Raion,Raion,,Leninskiy,leninskyi,5.95,91.52,"LENINSKYI raion, m. SEVASTOPOL",9429.0
240,UKR,Ukraine,4,Crimea,74,nyzhnohirskyi,UA.KR.NY,0,,Raion,Raion,,Nizhnegorskiy,nyzhnohirskyi,10.47,72.72,NYZHNOHIRSKYI RAION,56976.0
240,UKR,Ukraine,4,Crimea,75,pervomaiskyi,UA.KR.PE,0,,Raion,Raion,,Pervomaiskiy,pervomaiskyi,19.27,58.44,PERVOMAISKYI RAION,40367.0
240,UKR,Ukraine,4,Crimea,75,pervomaiskyi,UA.KR.PE,0,,Raion,Raion,,Pervomaiskiy,pervomaiskyi,19.27,58.44,PERVOMAISKYI RAION,37203.0
240,UKR,Ukraine,4,Crimea,75,pervomaiskyi,UA.KR.PE,0,,Raion,Raion,,Pervomaiskiy,pervomaiskyi,19.27,58.44,PERVOMAISKYI RAION,19999.0
240,UKR,Ukraine,4,Crimea,75,pervomaiskyi,UA.KR.PE,0,,Raion,Raion,,Pervomaiskiy,pervomaiskyi,93.22,4.76,PERVOMAISKYI RAION,40367.0
240,UKR,Ukraine,4,Crimea,75,pervomaiskyi,UA.KR.PE,0,,Raion,Raion,,Pervomaiskiy,pervomaiskyi,93.22,4.76,PERVOMAISKYI RAION,37203.0
240,UKR,Ukraine,4,Crimea,75,pervomaiskyi,UA.KR.PE,0,,Raion,Raion,,Pervomaiskiy,pervomaiskyi,93.22,4.76,PERVOMAISKYI RAION,19999.0
240,UKR,Ukraine,4,Crimea,75,pervomaiskyi,UA.KR.PE,0,,Raion,Raion,,Pervomaiskiy,pervomaiskyi,42.83,52.65,PERVOMAISKYI (miskrada),33319.0
240,UKR,Ukraine,4,Crimea,75,pervomaiskyi,UA.KR.PE,0,,Raion,Raion,,Pervomaiskiy,pervomaiskyi,58.16,41.17,PERVOMAISKYI RAION,40367.0
240,UKR,Ukraine,4,Crimea,75,pervomaiskyi,UA.KR.PE,0,,Raion,Raion,,Pervomaiskiy,pervomaiskyi,58.16,41.17,PERVOMAISKYI RAION,37203.0
240,UKR,Ukraine,4,Crimea,75,pervomaiskyi,UA.KR.PE,0,,Raion,Raion,,Pervomaiskiy,pervomaiskyi,58.16,41.17,PERVOMAISKYI RAION,19999.0
240,UKR,Ukraine,4,Crimea,76,rozdolnenskyi,UA.KR.RO,0,,Raion,Raion,,Rozdolnenskiy,rozdolnenskyi,20.84,63.97,ROZDOLNENSKYI RAION,37185.0
240,UKR,Ukraine,4,Crimea,77,sakska,UA.KR.SS,0,,Misto,City,,Saq-city,sakska,8.87,84.26,m. SAKY,28522.0
240,UKR,Ukraine,4,Crimea,78,sakskyi,UA.KR.SK,0,,Raion,District,,Saq,sakskyi,16.91,64.48,SAKSKYI RAION,80964.0
240,UKR,Ukraine,4,Crimea,79,simferopolska,UA.KR.SM,0,,Mis'ka Rada,Mis'ka Rada,,Simferopol city,simferopolska,6.35,85.82,SIMFEROPOL (miskrada),358108.0
240,UKR,Ukraine,4,Crimea,80,simferopolskyi,UA.KR.SR,0,,Raion,District,,Simferopol,simferopolskyi,9.62,66.95,SIMFEROPOLSKYI RAION,149253.0
240,UKR,Ukraine,4,Crimea,81,sovietskyi,UA.KR.SO,0,,Raion,Raion,,Sovetskiy,sovietskyi,10.38,64.37,SOVIETSKYI RAION,37576.0
240,UKR,Ukraine,4,Crimea,82,sudatska,UA.KR.SU,0,,Misto,City,,Sudak,sudatska,8.42,71.45,SUDAK (miskrada),29448.0
240,UKR,Ukraine,5,Dnipropetrovs'k,83,apostolivskyi,UA.DP.AP,0,,Raion,District,,Apostolovskyi,apostolivskyi,86.64,12.57,APOSTOLIVSKYI RAION,64242.0
240,UKR,Ukraine,5,Dnipropetrovs'k,84,dniprodzerzhynska,UA.DP.DD,0,,Mis'ka Rada,Mis'ka Rada,,Dniprodzerzhinsk,dniprodzerzhynska,65.47,33.84,DNIPRODZERZHYNSK (miskrada),261735.0
240,UKR,Ukraine,5,Dnipropetrovs'k,85,dnipropetrovska,UA.DP.DM,0,,Mis'ka Rada,Mis'ka Rada,,Dnipropetrovsk,dnipropetrovska,46.5,52.46,DNIPROPETROVSK (miskrada),1069801.0
240,UKR,Ukraine,5,Dnipropetrovs'k,86,dnipropetrovskyi,UA.DP.DR,0,,Raion,District,,Dnipropetrovskyi,dnipropetrovskyi,80.7,18.27,DNIPROPETROVSKYI RAION,78904.0
240,UKR,Ukraine,5,Dnipropetrovs'k,87,iurïvskyi,UA.DP.IU,0,,Raion,District,,Yuriivskyi,iurïvskyi,92.81,5.98,YURIVSKYI RAION,15773.0
240,UKR,Ukraine,5,Dnipropetrovs'k,88,krynychanskyi,UA.DP.KC,0,,Raion,District,,Krynychanskyi,krynychanskyi,94.03,4.71,KRYNYCHANSKYI RAION,40330.0
240,UKR,Ukraine,5,Dnipropetrovs'k,89,kryvorizkyi,UA.DP.KR,0,,Raion,District,,Kryvorizkyi,kryvorizkyi,91.35,7.73,KRYVORIZKYI RAION,43759.0
240,UKR,Ukraine,5,Dnipropetrovs'k,90,kryvyirig,UA.DP.KM,0,,Misto,City,,,kryvyirig,71.35,27.17,KRYVYI RIH (miskrada),710412.0
240,UKR,Ukraine,5,Dnipropetrovs'k,91,mahdalynivskyi,UA.DP.MD,0,,Raion,District,,Magdalynivskyi,mahdalynivskyi,93.91,4.75,MAHDALYNIVSKYI RAION,37606.0
240,UKR,Ukraine,5,Dnipropetrovs'k,92,marhanetska,UA.DP.MR,0,,Mis'ka Rada,Mis'ka Rada,,Marhanets,marhanetska,72.15,26.68,MARHANETS (miskrada),50443.0
240,UKR,Ukraine,5,Dnipropetrovs'k,93,mezhivskyi,UA.DP.ME,0,,Raion,District,,Mezhovyi,mezhivskyi,94.71,3.93,MEZHIVSKYI RAION,28529.0
240,UKR,Ukraine,5,Dnipropetrovs'k,94,nikopolska,UA.DP.NP,0,,Misto,City,,,nikopolska,56.0,42.73,m. NIKOPOL,138218.0
240,UKR,Ukraine,5,Dnipropetrovs'k,95,nikopolskyi,UA.DP.NK,0,,Raion,District,,Nikopolskyi,nikopolskyi,89.66,9.75,NIKOPOLSKYI RAION,44716.0
240,UKR,Ukraine,5,Dnipropetrovs'k,96,novomoskovska,UA.DP.NM,0,,Misto,City,,Novomoskovsk,novomoskovska,80.88,18.48,m. NOVOMOSKOVSK,71860.0
240,UKR,Ukraine,5,Dnipropetrovs'k,97,novomoskovskyi,UA.DP.NV,0,,Raion,District,,Novomoskovskyi,novomoskovskyi,86.2,12.93,NOVOMOSKOVSKYI RAION,75828.0
240,UKR,Ukraine,5,Dnipropetrovs'k,98,ordzhonikidzevska,UA.DP.OR,0,,Misto,City,,Ordzhonikidze,ordzhonikidzevska,67.72,31.7,ORDZHONIKIDZE (miskrada),46654.0
240,UKR,Ukraine,5,Dnipropetrovs'k,99,pavlograd,UA.DP.PM,0,,Misto,City,,,pavlograd,59.23,39.82,m. PAVLOHRAD,119672.0
240,UKR,Ukraine,5,Dnipropetrovs'k,100,pavlohradskyi,UA.DP.PR,0,,Raion,District,,Pavlogradskyi,pavlohradskyi,75.97,23.36,PAVLOHRADSKYI RAION,32906.0
240,UKR,Ukraine,5,Dnipropetrovs'k,101,petropavlivskyi,UA.DP.PP,0,,Raion,District,,Petropavlivskyi,petropavlivskyi,91.43,7.96,PETROPAVLIVSKYI RAION,35403.0
240,UKR,Ukraine,5,Dnipropetrovs'k,102,petrykivskyi,UA.DP.PK,0,,Raion,District,,Petrykivskyi,petrykivskyi,95.49,3.95,PETRYKIVSKYI RAION,25994.0
240,UKR,Ukraine,5,Dnipropetrovs'k,103,piatykhatskyi,UA.DP.PI,0,,Raion,District,,Pyatyhatskyi,piatykhatskyi,92.32,6.33,PIATYKHATSKYI RAION,53275.0
240,UKR,Ukraine,5,Dnipropetrovs'k,104,pokrovskyi,UA.DP.PO,0,,Raion,District,,Pokrovskyi,pokrovskyi,95.25,4.15,POKROVSKYI RAION,41864.0
240,UKR,Ukraine,5,Dnipropetrovs'k,105,shyrokivskyi,UA.DP.SH,0,,Raion,District,,Shyrochanskyi,shyrokivskyi,92.47,6.4,SHYROKIVSKYI RAION,31361.0
240,UKR,Ukraine,5,Dnipropetrovs'k,106,sofi‹vskyi,UA.DP.SF,0,,Raion,District,,Sofiivskyi,sofi‹vskyi,94.59,4.31,SOFIIVSKYI RAION,28541.0
240,UKR,Ukraine,5,Dnipropetrovs'k,107,solonianskyi,UA.DP.SL,0,,Raion,District,,Solonyanskyi,solonianskyi,92.66,6.37,SOLONIANSKYI RAION,42500.0
240,UKR,Ukraine,5,Dnipropetrovs'k,108,synelnykivska,UA.DP.SM,0,,Misto,City,,,synelnykivska,77.95,20.23,m. SYNELNYKOVE,32292.0
240,UKR,Ukraine,5,Dnipropetrovs'k,109,synelnykivskyi,UA.DP.SR,0,,Raion,District,,Synelnikivskyi,synelnykivskyi,89.95,8.78,SYNELNYKIVSKYI RAION,41674.0
240,UKR,Ukraine,5,Dnipropetrovs'k,110,tomakivskyi,UA.DP.TO,0,,Raion,District,,Tomakivskyi,tomakivskyi,92.77,6.6,TOMAKIVSKYI RAION,31629.0
240,UKR,Ukraine,5,Dnipropetrovs'k,111,tsarychanskyi,UA.DP.TS,0,,Raion,District,,Tsarychanskyi,tsarychanskyi,95.44,3.93,TSARYCHANSKYI RAION,30775.0
240,UKR,Ukraine,5,Dnipropetrovs'k,112,vasylkivskyi,UA.DP.VA,0,,Raion,District,,Vasylkivskyi,vasylkivskyi,94.53,4.63,VASYLKIVSKYI RAION,70467.0
240,UKR,Ukraine,5,Dnipropetrovs'k,112,vasylkivskyi,UA.DP.VA,0,,Raion,District,,Vasylkivskyi,vasylkivskyi,95.35,4.15,VASYLKIVSKYI RAION,70467.0
240,UKR,Ukraine,5,Dnipropetrovs'k,113,verkhnodniprovskyi,UA.DP.VE,0,,Raion,District,,Verhnyodniprovsky,verkhnodniprovskyi,89.98,9.2,VERKHNODNIPROVSKYI RAION,56932.0
240,UKR,Ukraine,5,Dnipropetrovs'k,114,zhovtovodska,UA.DP.ZH,0,,Mis'ka Rada,Mis'ka Rada,,ZhovtiVody,zhovtovodska,77.08,20.89,ZHOVTI VODY (miskrada),57329.0
240,UKR,Ukraine,6,Donets'k,115,amvrosi‹vskyi,UA.DT.AS,0,,Raion,District,,Amvrosiivskyi,amvrosi‹vskyi,43.46,55.77,AMVROSIIVSKYI RAION,54939.0
240,UKR,Ukraine,6,Donets'k,116,artemivska,UA.DT.AM,0,,Mis'ka Rada,Mis'ka Rada,,,artemivska,35.22,63.62,ARTEMIVSK (miskrada),113785.0
240,UKR,Ukraine,6,Donets'k,117,artemivskyi,UA.DT.AR,0,,Raion,District,,Artemivskyi,artemivskyi,72.22,26.22,ARTEMIVSKYI RAION,54065.0
240,UKR,Ukraine,6,Donets'k,118,dobropilska,UA.DT.DM,0,,Mis'ka Rada,Mis'ka Rada,,Dobropillia,dobropilska,39.28,60.2,DOBROPILLIA (miskrada),72817.0
240,UKR,Ukraine,6,Donets'k,119,dobropilskyi,UA.DT.DR,0,,Raion,District,,Dobropolskyi,dobropilskyi,88.61,10.85,DOBROPILSKYI RAION,20659.0
240,UKR,Ukraine,6,Donets'k,120,donetska,UA.DT.DN,0,,Mis'ka Rada,Mis'ka Rada,,Donetsk,donetska,11.14,87.83,DONETSK (miskrada),1024678.0
240,UKR,Ukraine,6,Donets'k,121,dzerzhynska,UA.DT.DZ,0,,Mis'ka Rada,Mis'ka Rada,,Dzerzhinsk-Don,dzerzhynska,21.29,78.23,DZERZHYNSK (miskrada),86281.0
240,UKR,Ukraine,6,Donets'k,122,horlivska,UA.DT.HO,0,,Mis'ka Rada,Mis'ka Rada,,Gorlivka,horlivska,15.15,83.89,HORLIVKA (miskrada),312284.0
240,UKR,Ukraine,6,Donets'k,123,iasynuvatska,UA.DT.IM,0,,Misto,City,,,iasynuvatska,27.15,72.44,m. YASYNUVATA,36903.0
240,UKR,Ukraine,6,Donets'k,124,iasynuvatskyi,UA.DT.IR,0,,Raion,District,,Yasynuvatskyi,iasynuvatskyi,40.96,58.21,YASYNUVATSKYI RAION,30326.0
240,UKR,Ukraine,6,Donets'k,125,ienakiievska,UA.DT.IE,0,,Mis'ka Rada,Mis'ka Rada,,Yenakiyeve,ienakiievska,13.56,85.72,YENAKIIEVE (miskrada),162778.0
240,UKR,Ukraine,6,Donets'k,126,khartsyzka,UA.DT.KH,0,,Mis'ka Rada,Mis'ka Rada,,Khartsyzk,khartsyzka,16.08,82.97,KHARTSYZK (miskrada),113685.0
240,UKR,Ukraine,6,Donets'k,127,kirovska,UA.DT.KI,0,,Misto,City,,Kirovske,kirovska,20.25,79.3,KIROVSK (miskrada),44948.0
240,UKR,Ukraine,6,Donets'k,128,kostiantynivska,UA.DT.KT,0,,Misto,City,,Kostyantynivka,kostiantynivska,20.98,78.06,m. KOSTIANTYNIVKA,94886.0
240,UKR,Ukraine,6,Donets'k,129,kostiantynivskyi,UA.DT.KS,0,,Raion,District,,Kostyantynivskyi,kostiantynivskyi,69.84,29.41,KOSTIANTYNIVSKYI RAION,21132.0
240,UKR,Ukraine,6,Donets'k,130,kramatorska,UA.DT.KM,0,,Mis'ka Rada,Mis'ka Rada,,Kramatorsk,kramatorska,35.64,63.27,KRAMATORSK (miskrada),215729.0
240,UKR,Ukraine,6,Donets'k,131,krasnoarmiiska,UA.DT.KA,0,,Mis'ka Rada,Mis'ka Rada,,,krasnoarmiiska,37.07,62.16,KRASNOARMIISK (miskrada),82830.0
240,UKR,Ukraine,6,Donets'k,132,krasnoarmiiskyi,UA.DT.KR,0,,Raion,District,,Krasnoarmeyskyi-D,krasnoarmiiskyi,74.06,25.53,KRASNOARMIISKYI RAION,37567.0
240,UKR,Ukraine,6,Donets'k,133,krasnolymanska,UA.DT.KY,0,,Mis'ka Rada,Mis'ka Rada,,,,,,,
240,UKR,Ukraine,6,Donets'k,134,krasnolymanskyi,UA.DT.KL,0,,Raion,District,,Krasnolymanskyi,krasnolymanskyi,82.18,16.96,KRASNOLYMANSKYI RAION,24974.0
240,UKR,Ukraine,6,Donets'k,135,maki‹vska,UA.DT.MK,0,,Mis'ka Rada,Mis'ka Rada,,Makiivka,maki‹vska,12.42,86.58,MAKIIVKA (miskrada),431023.0
240,UKR,Ukraine,6,Donets'k,136,mar‹nskyi,UA.DT.MN,0,,Raion,District,,Mariinskyi,mar‹nskyi,56.52,43.02,MARINSKYI RAION,90045.0
240,UKR,Ukraine,6,Donets'k,137,mariupolska,UA.DT.MP,0,,Mis'ka Rada,Mis'ka Rada,,Mariupol,mariupolska,9.87,89.53,MARIUPOL (miskrada),510835.0
240,UKR,Ukraine,6,Donets'k,138,n.a. ( 181),,0,,,,,,,,,,
240,UKR,Ukraine,6,Donets'k,139,n.a. ( 319),,0,,,,,,,,,,
240,UKR,Ukraine,6,Donets'k,140,n.a. ( 384),,0,,,,,,,,,,
240,UKR,Ukraine,6,Donets'k,141,n.a. ( 394),,0,,,,,,,,,,
240,UKR,Ukraine,6,Donets'k,142,n.a. ( 488),,0,,,,,,,,,,
240,UKR,Ukraine,6,Donets'k,143,n.a. ( 493),,0,,,,,,,,,,
240,UKR,Ukraine,6,Donets'k,144,n.a. ( 511),,0,,,,,,,,,,
240,UKR,Ukraine,6,Donets'k,145,novoazovskyi,UA.DT.NA,0,,Raion,District,,Novoazovskyi,novoazovskyi,40.22,59.33,NOVOAZOVSKYI RAION,38902.0
240,UKR,Ukraine,6,Donets'k,146,novohrodivska,UA.DT.NH,0,,Misto,City,,Novohrodivka,novohrodivska,29.84,69.2,m. NOVOHRODIVKA,17559.0
240,UKR,Ukraine,6,Donets'k,147,oleksandrivskyi,UA.DT.OL,0,,Raion,District,,Oleksandrivskyi,oleksandrivskyi,89.51,9.98,OLEKSANDRIVSKYI RAION,23036.0
240,UKR,Ukraine,6,Donets'k,147,oleksandrivskyi,UA.DT.OL,0,,Raion,District,,Oleksandrivskyi,oleksandrivskyi,89.51,9.98,OLEKSANDRIVSKYI RAION,36009.0
240,UKR,Ukraine,6,Donets'k,147,oleksandrivskyi,UA.DT.OL,0,,Raion,District,,Oleksandrivskyi,oleksandrivskyi,96.83,2.32,OLEKSANDRIVSKYI RAION,23036.0
240,UKR,Ukraine,6,Donets'k,147,oleksandrivskyi,UA.DT.OL,0,,Raion,District,,Oleksandrivskyi,oleksandrivskyi,96.83,2.32,OLEKSANDRIVSKYI RAION,36009.0
240,UKR,Ukraine,6,Donets'k,148,pershotravnevyi,UA.DT.PE,0,,Raion,District,,,pershotravnevyi,22.35,76.63,PERSHOTRAVNEVYI RAION,29312.0
240,UKR,Ukraine,6,Donets'k,149,selydovska,UA.DT.SE,0,,Mis'ka Rada,Mis'ka Rada,,Selydove,,,,,
240,UKR,Ukraine,6,Donets'k,150,shakhtarska,UA.DT.SK,0,,Mis'ka Rada,Mis'ka Rada,,Shahtarsk-Don,shakhtarska,22.46,76.34,SHAKHTARSK (miskrada),72711.0
240,UKR,Ukraine,6,Donets'k,151,shakhtarskyi,UA.DT.SH,0,,Raion,District,,Shahtarskyi-Don,shakhtarskyi,53.36,46.25,SHAKHTARSKYI RAION,24262.0
240,UKR,Ukraine,6,Donets'k,152,slovianska,UA.DT.SV,0,,Mis'ka Rada,Mis'ka Rada,,Sloviansk,,,,,
240,UKR,Ukraine,6,Donets'k,153,slovianskyi,UA.DT.SL,0,,Raion,District,,Slovyanskyi-Don,slovianskyi,83.19,15.55,SLOVIANSKYI RAION,39188.0
240,UKR,Ukraine,6,Donets'k,154,snizhnenska,UA.DT.SN,0,,Mis'ka Rada,Mis'ka Rada,,Snezhnoye,snizhnenska,15.25,83.61,SNIZHNE (miskrada),83046.0
240,UKR,Ukraine,6,Donets'k,155,starobeshivskyi,UA.DT.ST,0,,Raion,District,,Starobeshevskyi,starobeshivskyi,17.06,81.78,STAROBESHIVSKYI RAION,55952.0
240,UKR,Ukraine,6,Donets'k,156,telmanivskyi,UA.DT.TE,0,,Raion,District,,Telmanivskyi-Don,telmanivskyi,39.87,57.17,TELMANIVSKYI RAION,35365.0
240,UKR,Ukraine,6,Donets'k,157,torezka,UA.DT.TO,0,,Mis'ka Rada,Mis'ka Rada,,Torez-Don,torezka,15.68,83.38,TOREZ (miskrada),96026.0
240,UKR,Ukraine,6,Donets'k,158,velykonovosilkivskyi,UA.DT.VE,0,,Raion,District,,Velykonovoselivsk,velykonovosilkivskyi,50.26,47.43,VELYKONOVOSILKIVSKYI RAION,49323.0
240,UKR,Ukraine,6,Donets'k,159,volnovaskyi,UA.DT.VV,0,,Raion,District,,Volnovaskyi,volnovaskyi,58.45,40.36,VOLNOVASKYI RAION,92489.0
240,UKR,Ukraine,6,Donets'k,160,volodarskyi,UA.DT.VD,0,,Raion,District,,Volodarskyi,volodarskyi,31.14,67.4,VOLODARSKYI RAION,31168.0
240,UKR,Ukraine,6,Donets'k,160,volodarskyi,UA.DT.VD,0,,Raion,District,,Volodarskyi,volodarskyi,31.14,67.4,VOLODARSKYI RAION,23345.0
240,UKR,Ukraine,6,Donets'k,160,volodarskyi,UA.DT.VD,0,,Raion,District,,Volodarskyi,volodarskyi,97.84,1.90,VOLODARSKYI RAION,31168.0
240,UKR,Ukraine,6,Donets'k,160,volodarskyi,UA.DT.VD,0,,Raion,District,,Volodarskyi,volodarskyi,97.84,1.90,VOLODARSKYI RAION,23345.0
240,UKR,Ukraine,6,Donets'k,161,vuhledarska,UA.DT.VU,0,,Misto,City,,Vuhledar,vuhledarska,28.18,70.8,m. VUHLEDAR,17518.0
240,UKR,Ukraine,6,Donets'k,162,zhdanivska,UA.DT.ZH,0,,Mis'ka Rada,Mis'ka Rada,,Zhdanivka,zhdanivska,11.66,87.41,ZHDANIVKA (miskrada),14375.0
240,UKR,Ukraine,7,Ivano-Frankivs'k,163,bohorodchanskyi,UA.IF.BH,0,,Raion,District,,Bogorodchanskyi,bohorodchanskyi,99.63,0.31,BOHORODCHANSKYI RAION,70212.0
240,UKR,Ukraine,7,Ivano-Frankivs'k,164,dolynskyi,UA.IF.DO,0,,Raion,District,,Dolynskyi-Ifr,dolynskyi,98.74,0.99,DOLYNSKYI RAION,71059.0
240,UKR,Ukraine,7,Ivano-Frankivs'k,164,dolynskyi,UA.IF.DO,0,,Raion,District,,Dolynskyi-Ifr,dolynskyi,98.74,0.99,DOLYNSKYI RAION,37962.0
240,UKR,Ukraine,7,Ivano-Frankivs'k,164,dolynskyi,UA.IF.DO,0,,Raion,District,,Dolynskyi-Ifr,dolynskyi,94.42,4.56,DOLYNSKYI RAION,71059.0
240,UKR,Ukraine,7,Ivano-Frankivs'k,164,dolynskyi,UA.IF.DO,0,,Raion,District,,Dolynskyi-Ifr,dolynskyi,94.42,4.56,DOLYNSKYI RAION,37962.0
240,UKR,Ukraine,7,Ivano-Frankivs'k,165,halytskyi,UA.IF.HA,0,,Raion,District,,Galytskyi,halytskyi,99.01,0.86,HALYTSKYI RAION,65640.0
240,UKR,Ukraine,7,Ivano-Frankivs'k,166,horodenkivskyi,UA.IF.HO,0,,Raion,District,,Gorodenkivskyi,horodenkivskyi,99.59,0.32,HORODENKIVSKYI RAION,60881.0
240,UKR,Ukraine,7,Ivano-Frankivs'k,167,iaremchanska,UA.IF.IA,0,,Mis'ka Rada,Mis'ka Rada,,Yaremcha,iaremchanska,99.17,0.63,YAREMCHE (miskrada),20821.0
240,UKR,Ukraine,7,Ivano-Frankivs'k,168,ivano-frankivska,UA.IF.IV,0,,Mis'ka Rada,Mis'ka Rada,,,ivano-frankivska,92.65,6.38,IVANO-FRANKIVSK (miskrada),230443.0
240,UKR,Ukraine,7,Ivano-Frankivs'k,169,kaluskyi,UA.IF.KL,0,,Raion,District,,Kaluskyi-Raion,kaluskyi,99.65,0.3,KALUSKYI RAION,62883.0
240,UKR,Ukraine,7,Ivano-Frankivs'k,170,kolomyiskyi,UA.IF.KR,0,,Raion,District,,Kolomyyskyi,kolomyiskyi,99.54,0.36,KOLOMYISKYI RAION,105940.0
240,UKR,Ukraine,7,Ivano-Frankivs'k,171,kosivskyi,UA.IF.KO,0,,Raion,District,,Kosivskyi,kosivskyi,99.47,0.41,KOSIVSKYI RAION,90167.0
240,UKR,Ukraine,7,Ivano-Frankivs'k,172,nadvirnianskyi,UA.IF.NA,0,,Raion,District,,Nadvirnyanskyi,nadvirnianskyi,98.78,0.84,NADVIRNIANSKYI RAION,113508.0
240,UKR,Ukraine,7,Ivano-Frankivs'k,173,rohatynskyi,UA.IF.RH,0,,Raion,District,,Rogatynskyi,rohatynskyi,99.68,0.25,ROHATYNSKYI RAION,51125.0
240,UKR,Ukraine,7,Ivano-Frankivs'k,174,rozhniativskyi,UA.IF.RZ,0,,Raion,District,,Rozhnyativskyi,rozhniativskyi,99.61,0.33,ROZHNIATIVSKYI RAION,75598.0
240,UKR,Ukraine,7,Ivano-Frankivs'k,175,sniatynskyi,UA.IF.SN,0,,Raion,District,,Snyatynskyi,sniatynskyi,99.47,0.4,SNIATYNSKYI RAION,68971.0
240,UKR,Ukraine,7,Ivano-Frankivs'k,176,tlumatskyi,UA.IF.TL,0,,Raion,District,,Tlumatskyi,tlumatskyi,99.67,0.26,TLUMATSKYI RAION,52835.0
240,UKR,Ukraine,7,Ivano-Frankivs'k,177,tysmenytskyi,UA.IF.TY,0,,Raion,District,,Tysmenetskyi,tysmenytskyi,99.51,0.37,TYSMENYTSKYI RAION,85400.0
240,UKR,Ukraine,7,Ivano-Frankivs'k,178,verkhovynskyi,UA.IF.VE,0,,Raion,District,,Verhovynskyi,verkhovynskyi,99.64,0.32,VERKHOVYNSKYI RAION,30079.0
240,UKR,Ukraine,8,Kharkiv,179,balakliiskyi,UA.KK.BL,0,,Raion,District,,Balakliya,balakliiskyi,70.38,28.91,BALAKLIISKYI RAION,92794.0
240,UKR,Ukraine,8,Kharkiv,180,barvinkivskyi,UA.KK.BR,0,,Raion,District,,Barvenkove,barvinkivskyi,91.24,7.75,BARVINKIVSKYI RAION,32060.0
240,UKR,Ukraine,8,Kharkiv,181,blyzniukivskyi,UA.KK.BZ,0,,Raion,District,,Blyznyuky,blyzniukivskyi,92.1,6.74,BLYZNIUKIVSKYI RAION,25768.0
240,UKR,Ukraine,8,Kharkiv,182,bohodukhivskyi,UA.KK.BH,0,,Raion,District,,Bohodukhiv,bohodukhivskyi,93.65,5.55,BOHODUKHIVSKYI RAION,47560.0
240,UKR,Ukraine,8,Kharkiv,183,borivskyi,UA.KK.BO,0,,Raion,Raion,,,borivskyi,91.52,8.14,BORIVSKYI RAION,21228.0
240,UKR,Ukraine,8,Kharkiv,184,chuhu‹vska,UA.KK.CM,0,,Mis'ka Rada,Mis'ka Rada,,,chuhu‹vska,29.64,69.52,CHUHUIV (miskrada),37348.0
240,UKR,Ukraine,8,Kharkiv,185,chuhu‹vskyi,UA.KK.CR,0,,Raion,District,,Chihuyiv,chuhu‹vskyi,45.23,53.87,CHUHUIVSKYI RAION,51077.0
240,UKR,Ukraine,8,Kharkiv,186,derhachivskyi,UA.KK.DE,0,,Raion,District,,Derhachi,derhachivskyi,78.08,21.26,DERHACHIVSKYI RAION,98521.0
240,UKR,Ukraine,8,Kharkiv,187,dvorichanskyi,UA.KK.DV,0,,Raion,District,,Dvuricha,dvorichanskyi,84.17,15.02,DVORICHANSKYI RAION,22323.0
240,UKR,Ukraine,8,Kharkiv,188,iziumska,UA.KK.IM,0,,Misto,City,,,iziumska,74.22,23.77,m. IZIUM,56075.0
240,UKR,Ukraine,8,Kharkiv,189,iziumskyi,UA.KK.IR,0,,Raion,District,,Izyum,iziumskyi,91.67,7.47,IZIUMSKYI RAION,22256.0
240,UKR,Ukraine,8,Kharkiv,190,kehychivskyi,UA.KK.KE,0,,Raion,District,,Kehichivka,kehychivskyi,92.05,5.45,KEHYCHIVSKYI RAION,23459.0
240,UKR,Ukraine,8,Kharkiv,191,kharkivska,UA.KK.KM,0,,Mis'ka Rada,Mis'ka Rada,,,,,,,
240,UKR,Ukraine,8,Kharkiv,192,kharkivskyi,UA.KK.KR,0,,Raion,District,,Kharkivsky,kharkivskyi,63.88,35.16,KHARKIVSKYI RAION,186586.0
240,UKR,Ukraine,8,Kharkiv,193,krasnohradskyi,UA.KK.KH,0,,Raion,District,,Kkasnohrad,krasnohradskyi,77.16,21.9,KRASNOHRADSKYI RAION,49224.0
240,UKR,Ukraine,8,Kharkiv,194,krasnokutskyi,UA.KK.KK,0,,Raion,District,,Krasnokutsk,krasnokutskyi,94.92,4.35,KRASNOKUTSKYI RAION,33122.0
240,UKR,Ukraine,8,Kharkiv,195,kupianska,UA.KK.KP,0,,Mis'ka Rada,Mis'ka Rada,,,kupianska,69.28,25.58,KUPIANSK (miskrada),62705.0
240,UKR,Ukraine,8,Kharkiv,196,kupianskyi,UA.KK.KU,0,,Raion,District,,Kup'yansk,kupianskyi,88.94,10.38,KUPIANSKYI RAION,29882.0
240,UKR,Ukraine,8,Kharkiv,197,lozivska,UA.KK.LM,0,,Mis'ka Rada,Mis'ka Rada,,,lozivska,77.21,17.56,LOZOVA (miskrada),73707.0
240,UKR,Ukraine,8,Kharkiv,198,lozivskyi,UA.KK.LR,0,,Raion,District,,Lozova,lozivskyi,88.51,10.74,LOZIVSKYI RAION,34551.0
240,UKR,Ukraine,8,Kharkiv,199,n.a. ( 180),,0,,,,,,,,,,
240,UKR,Ukraine,8,Kharkiv,200,novovodolazkyi,UA.KK.NO,0,,Raion,District,,Nova Vodolaha,novovodolazkyi,77.69,21.52,NOVOVODOLAZKYI RAION,40888.0
240,UKR,Ukraine,8,Kharkiv,201,pechenizkyi,UA.KK.PC,0,,Raion,District,,Pechenizkyi,pechenizkyi,92.75,6.87,PECHENIZKYI RAION,11827.0
240,UKR,Ukraine,8,Kharkiv,202,pervomaiskyi,UA.KK.PR,0,,Raion,District,,Pervomaisk,pervomaiskyi,19.27,58.44,PERVOMAISKYI RAION,40367.0
240,UKR,Ukraine,8,Kharkiv,202,pervomaiskyi,UA.KK.PR,0,,Raion,District,,Pervomaisk,pervomaiskyi,19.27,58.44,PERVOMAISKYI RAION,37203.0
240,UKR,Ukraine,8,Kharkiv,202,pervomaiskyi,UA.KK.PR,0,,Raion,District,,Pervomaisk,pervomaiskyi,19.27,58.44,PERVOMAISKYI RAION,19999.0
240,UKR,Ukraine,8,Kharkiv,202,pervomaiskyi,UA.KK.PR,0,,Raion,District,,Pervomaisk,pervomaiskyi,93.22,4.76,PERVOMAISKYI RAION,40367.0
240,UKR,Ukraine,8,Kharkiv,202,pervomaiskyi,UA.KK.PR,0,,Raion,District,,Pervomaisk,pervomaiskyi,93.22,4.76,PERVOMAISKYI RAION,37203.0
240,UKR,Ukraine,8,Kharkiv,202,pervomaiskyi,UA.KK.PR,0,,Raion,District,,Pervomaisk,pervomaiskyi,93.22,4.76,PERVOMAISKYI RAION,19999.0
240,UKR,Ukraine,8,Kharkiv,202,pervomaiskyi,UA.KK.PR,0,,Raion,District,,Pervomaisk,pervomaiskyi,42.83,52.65,PERVOMAISKYI (miskrada),33319.0
240,UKR,Ukraine,8,Kharkiv,202,pervomaiskyi,UA.KK.PR,0,,Raion,District,,Pervomaisk,pervomaiskyi,58.16,41.17,PERVOMAISKYI RAION,40367.0
240,UKR,Ukraine,8,Kharkiv,202,pervomaiskyi,UA.KK.PR,0,,Raion,District,,Pervomaisk,pervomaiskyi,58.16,41.17,PERVOMAISKYI RAION,37203.0
240,UKR,Ukraine,8,Kharkiv,202,pervomaiskyi,UA.KK.PR,0,,Raion,District,,Pervomaisk,pervomaiskyi,58.16,41.17,PERVOMAISKYI RAION,19999.0
240,UKR,Ukraine,8,Kharkiv,203,sakhnovshchynskyi,UA.KK.SA,0,,Raion,District,,Sakhnovschyna,sakhnovshchynskyi,94.4,4.54,SAKHNOVSHCHYNSKYI RAION,26448.0
240,UKR,Ukraine,8,Kharkiv,204,shevchenkivskyi,UA.KK.SH,0,,Raion,District,,Shevchenkove,shevchenkivskyi,91.23,7.75,SHEVCHENKIVSKYI RAION,23290.0
240,UKR,Ukraine,8,Kharkiv,204,shevchenkivskyi,UA.KK.SH,0,,Raion,District,,Shevchenkove,shevchenkivskyi,64.65,32.14,"SHEVCHENKIVSKYI raion, m. KYIV",256695.0
240,UKR,Ukraine,8,Kharkiv,205,valkivskyi,UA.KK.VA,0,,Raion,District,,Valky,valkivskyi,94.23,5.23,VALKIVSKYI RAION,36808.0
240,UKR,Ukraine,8,Kharkiv,206,velykoburlutskyi,UA.KK.VE,0,,Raion,District,,Velykyburluk,velykoburlutskyi,71.82,27.32,VELYKOBURLUTSKYI RAION,28287.0
240,UKR,Ukraine,8,Kharkiv,207,vovchanskyi,UA.KK.VO,0,,Raion,District,,Vovchansk,vovchanskyi,85.72,13.16,VOVCHANSKYI RAION,54569.0
240,UKR,Ukraine,8,Kharkiv,208,zachepylivskyi,UA.KK.ZA,0,,Raion,District,,Zachepylivka,zachepylivskyi,83.95,14.89,ZACHEPYLIVSKYI RAION,19059.0
240,UKR,Ukraine,8,Kharkiv,209,zmiïvskyi,UA.KK.ZM,0,,Raion,District,,Zmiyiv,zmiïvskyi,76.38,22.49,ZMIIVSKYI RAION,81307.0
240,UKR,Ukraine,8,Kharkiv,210,zolochivskyi,UA.KK.ZO,0,,Raion,District,,Zolochiv,zolochivskyi,98.97,0.86,ZOLOCHIVSKYI RAION,74686.0
240,UKR,Ukraine,8,Kharkiv,210,zolochivskyi,UA.KK.ZO,0,,Raion,District,,Zolochiv,zolochivskyi,98.97,0.86,ZOLOCHIVSKYI RAION,34052.0
240,UKR,Ukraine,8,Kharkiv,210,zolochivskyi,UA.KK.ZO,0,,Raion,District,,Zolochiv,zolochivskyi,85.66,13.34,ZOLOCHIVSKYI RAION,74686.0
240,UKR,Ukraine,8,Kharkiv,210,zolochivskyi,UA.KK.ZO,0,,Raion,District,,Zolochiv,zolochivskyi,85.66,13.34,ZOLOCHIVSKYI RAION,34052.0
240,UKR,Ukraine,9,Kherson,211,beryslavskyi,UA.KS.BE,0,,Raion,District,,Beryslavskyi,beryslavskyi,89.91,9.04,BERYSLAVSKYI RAION,55976.0
240,UKR,Ukraine,9,Kherson,212,bilozerskyi,UA.KS.BI,0,,Raion,District,,Bilozerskyi,bilozerskyi,87.83,10.61,BILOZERSKYI RAION,68395.0
240,UKR,Ukraine,9,Kherson,213,chaplynskyi,UA.KS.CH,0,,Raion,District,,Chaplynskyi,chaplynskyi,83.78,8.93,CHAPLYNSKYI RAION,40297.0
240,UKR,Ukraine,9,Kherson,214,henicheskyi,UA.KS.HE,0,,Raion,District,,Genicheskyi,henicheskyi,46.02,45.0,HENICHESKYI RAION,66287.0
240,UKR,Ukraine,9,Kherson,215,holoprystanskyi,UA.KS.HL,0,,Raion,District,,Goloprystanskyi,holoprystanskyi,86.56,11.86,HOLOPRYSTANSKYI RAION,64620.0
240,UKR,Ukraine,9,Kherson,216,hornosta‹vskyi,UA.KS.HR,0,,Raion,District,,Gornostaivskyi,hornosta‹vskyi,94.0,4.73,HORNOSTAIVSKYI RAION,22068.0
240,UKR,Ukraine,9,Kherson,217,ivanivskyi,UA.KS.IV,0,,Raion,District,,Ivanivskyi-Her,ivanivskyi,72.56,17.56,IVANIVSKYI RAION,29658.0
240,UKR,Ukraine,9,Kherson,217,ivanivskyi,UA.KS.IV,0,,Raion,District,,Ivanivskyi-Her,ivanivskyi,72.56,17.56,IVANIVSKYI RAION,18037.0
240,UKR,Ukraine,9,Kherson,217,ivanivskyi,UA.KS.IV,0,,Raion,District,,Ivanivskyi-Her,ivanivskyi,90.15,7.05,IVANIVSKYI RAION,29658.0
240,UKR,Ukraine,9,Kherson,217,ivanivskyi,UA.KS.IV,0,,Raion,District,,Ivanivskyi-Her,ivanivskyi,90.15,7.05,IVANIVSKYI RAION,18037.0
240,UKR,Ukraine,9,Kherson,218,kakhovskyi,UA.KS.KR,0,,Raion,District,,Kahovskyi,kakhovskyi,88.06,11.02,KAKHOVSKYI RAION,40528.0
240,UKR,Ukraine,9,Kherson,219,kalanchatskyi,UA.KS.KC,0,,Raion,District,,Kalanchatskyi,kalanchatskyi,88.78,9.55,KALANCHATSKYI RAION,25938.0
240,UKR,Ukraine,9,Kherson,220,khersonska,UA.KS.KH,0,,Mis'ka Rada,Mis'ka Rada,,Kherson,khersonska,56.2,42.52,KHERSON (miskrada),362307.0
240,UKR,Ukraine,9,Kherson,221,novokahovska,UA.KS.NK,0,,Mis'ka Rada,Mis'ka Rada,,NovaKakhovka,novokahovska,58.84,40.3,NOVA KAKHOVKA (miskrada),75392.0
240,UKR,Ukraine,9,Kherson,222,novotro‹tskyi,UA.KS.NT,0,,Raion,District,,Novotroitskyi,novotro‹tskyi,87.15,10.67,NOVOTROITSKYI RAION,43131.0
240,UKR,Ukraine,9,Kherson,223,novovorontsovskyi,UA.KS.NV,0,,Raion,District,,Novovorontsovskyi,novovorontsovskyi,95.6,3.76,NOVOVORONTSOVSKYI RAION,25113.0
240,UKR,Ukraine,9,Kherson,224,nyzhnosirohozkyi,UA.KS.NY,0,,Raion,District,,Nyzhnyosirogizkyi,nyzhnosirohozkyi,80.3,17.45,NYZHNOSIROHOZKYI RAION,19823.0
240,UKR,Ukraine,9,Kherson,225,skadovskyi,UA.KS.SK,0,,Raion,District,,Skadovskyi,skadovskyi,80.56,17.72,SKADOVSKYI RAION,49905.0
240,UKR,Ukraine,9,Kherson,226,tsiurupynskyi,UA.KS.TS,0,,Raion,District,,Tsyurupinskyi,tsiurupynskyi,82.12,16.74,TSIURUPYNSKYI RAION,72272.0
240,UKR,Ukraine,9,Kherson,227,velykolepetyskyi,UA.KS.VL,0,,Raion,District,,Velykolepetynskyi,velykolepetyskyi,90.66,8.5,VELYKOLEPETYSKYI RAION,20798.0
240,UKR,Ukraine,9,Kherson,228,velykooleksandrivskyi,UA.KS.VO,0,,Raion,District,,Velykooleksandriv,velykooleksandrivskyi,94.53,4.32,VELYKOOLEKSANDRIVSKYI RAION,31366.0
240,UKR,Ukraine,9,Kherson,229,verkhnorohachytskyi,UA.KS.VR,0,,Raion,District,,Verhnyerogachytsk,verkhnorohachytskyi,93.4,5.66,VERKHNOROHACHYTSKYI RAION,14303.0
240,UKR,Ukraine,9,Kherson,230,vysokopilskyi,UA.KS.VY,0,,Raion,District,,Vysokopilskyi,vysokopilskyi,94.25,4.93,VYSOKOPILSKYI RAION,17967.0
240,UKR,Ukraine,10,Khmel'nyts'kyy,231,bilohirskyi,UA.KM.BI,0,,Raion,District,,Bilogirskyi,bilohirskyi,7.92,60.43,BILOHIRSKYI RAION,66458.0
240,UKR,Ukraine,10,Khmel'nyts'kyy,231,bilohirskyi,UA.KM.BI,0,,Raion,District,,Bilogirskyi,bilohirskyi,7.92,60.43,BILOHIRSKYI RAION,31707.0
240,UKR,Ukraine,10,Khmel'nyts'kyy,231,bilohirskyi,UA.KM.BI,0,,Raion,District,,Bilogirskyi,bilohirskyi,99.01,0.83,BILOHIRSKYI RAION,66458.0
240,UKR,Ukraine,10,Khmel'nyts'kyy,231,bilohirskyi,UA.KM.BI,0,,Raion,District,,Bilogirskyi,bilohirskyi,99.01,0.83,BILOHIRSKYI RAION,31707.0
240,UKR,Ukraine,10,Khmel'nyts'kyy,232,chemerovetskyi,UA.KM.CH,0,,Raion,District,,Chemerivskyi,chemerovetskyi,99.12,0.76,CHEMEROVETSKYI RAION,51009.0
240,UKR,Ukraine,10,Khmel'nyts'kyy,233,derazhnianskyi,UA.KM.DE,0,,Raion,District,,Derazhnyanskyi,derazhnianskyi,98.15,1.37,DERAZHNIANSKYI RAION,38289.0
240,UKR,Ukraine,10,Khmel'nyts'kyy,234,dunaievetskyi,UA.KM.DU,0,,Raion,District,,Dunayivskyi,dunaievetskyi,98.43,1.28,DUNAIEVETSKYI RAION,73276.0
240,UKR,Ukraine,10,Khmel'nyts'kyy,235,horodotskyi,UA.KM.HO,0,,Raion,District,,Gorodotskyi-Khm,horodotskyi,99.05,0.77,HORODOTSKYI RAION,73974.0
240,UKR,Ukraine,10,Khmel'nyts'kyy,235,horodotskyi,UA.KM.HO,0,,Raion,District,,Gorodotskyi-Khm,horodotskyi,99.05,0.77,HORODOTSKYI RAION,58348.0
240,UKR,Ukraine,10,Khmel'nyts'kyy,235,horodotskyi,UA.KM.HO,0,,Raion,District,,Gorodotskyi-Khm,horodotskyi,98.46,0.98,HORODOTSKYI RAION,73974.0
240,UKR,Ukraine,10,Khmel'nyts'kyy,235,horodotskyi,UA.KM.HO,0,,Raion,District,,Gorodotskyi-Khm,horodotskyi,98.46,0.98,HORODOTSKYI RAION,58348.0
240,UKR,Ukraine,10,Khmel'nyts'kyy,236,iarmolynetskyi,UA.KM.IA,0,,Raion,District,,Yarmolynetskyi,iarmolynetskyi,98.11,1.45,YARMOLYNETSKYI RAION,39201.0
240,UKR,Ukraine,10,Khmel'nyts'kyy,237,iziaslavskyi,UA.KM.IZ,0,,Raion,District,,Izyaslavskyi,iziaslavskyi,97.0,2.77,IZIASLAVSKYI RAION,54504.0
240,UKR,Ukraine,10,Khmel'nyts'kyy,238,kamianets-podilska,UA.KM.KA,0,,Misto,City,,,kamianets-podilska,91.22,7.08,m. KAMIANETS-PODILSKYI,98873.0
240,UKR,Ukraine,10,Khmel'nyts'kyy,239,kamianets-podilskyi,UA.KM.KP,0,,Raion,District,,KamyanetsPodilsky,kamianets-podilskyi,98.59,1.19,KAMIANETS-PODILSKYI RAION,75506.0
240,UKR,Ukraine,10,Khmel'nyts'kyy,240,khmelnytska,UA.KM.KM,0,,Misto,City,,Khmelnytskyi-Cit,khmelnytska,97.12,2.59,m. KHMILNYK,25181.0
240,UKR,Ukraine,10,Khmel'nyts'kyy,241,khmelnytskyi,UA.KM.KR,0,,Raion,District,,Khmelnytskyi,khmelnytskyi,88.39,10.36,m. KHMELNYTSKYI,251077.0
240,UKR,Ukraine,10,Khmel'nyts'kyy,241,khmelnytskyi,UA.KM.KR,0,,Raion,District,,Khmelnytskyi,khmelnytskyi,95.82,1.96,KHMELNYTSKYI RAION,54610.0
240,UKR,Ukraine,10,Khmel'nyts'kyy,242,krasylivskyi,UA.KM.KL,0,,Raion,District,,Krasylivskyi,krasylivskyi,98.35,1.39,KRASYLIVSKYI RAION,61331.0
240,UKR,Ukraine,10,Khmel'nyts'kyy,243,letychivskyi,UA.KM.LE,0,,Raion,District,,Letychivskyi,letychivskyi,98.22,1.54,LETYCHIVSKYI RAION,34588.0
240,UKR,Ukraine,10,Khmel'nyts'kyy,244,novoushytskyi,UA.KM.NO,0,,Raion,District,,Novoushytskyi,novoushytskyi,96.48,3.29,NOVOUSHYTSKYI RAION,36457.0
240,UKR,Ukraine,10,Khmel'nyts'kyy,245,polonskyi,UA.KM.PO,0,,Raion,District,,Polonyanskyi,polonskyi,98.38,1.38,POLONSKYI RAION,51366.0
240,UKR,Ukraine,10,Khmel'nyts'kyy,246,shepetivska,UA.KM.SP,0,,Misto,City,,,shepetivska,93.46,5.69,m. SHEPETIVKA,47988.0
240,UKR,Ukraine,10,Khmel'nyts'kyy,247,shepetivskyi,UA.KM.SH,0,,Raion,District,,Shepetivskyi,shepetivskyi,97.9,1.74,SHEPETIVSKYI RAION,40882.0
240,UKR,Ukraine,10,Khmel'nyts'kyy,248,slavutskyi,UA.KM.SL,0,,Raion,District,,Slavutytskyi,slavutskyi,98.84,1.05,SLAVUTSKYI RAION,37691.0
240,UKR,Ukraine,10,Khmel'nyts'kyy,249,starokostiantynivskyi,UA.KM.SK,0,,Raion,District,,Starokostyantyniv,starokostiantynivskyi,98.6,1.12,STAROKOSTIANTYNIVSKYI RAION,37459.0
240,UKR,Ukraine,10,Khmel'nyts'kyy,250,starosyniavskyi,UA.KM.SS,0,,Raion,District,,Starosynyavskyi,starosyniavskyi,98.66,0.79,STAROSYNIAVSKYI RAION,24985.0
240,UKR,Ukraine,10,Khmel'nyts'kyy,251,teofipolskyi,UA.KM.TE,0,,Raion,District,,Teofipolskyi,teofipolskyi,98.88,0.77,TEOFIPOLSKYI RAION,32247.0
240,UKR,Ukraine,10,Khmel'nyts'kyy,252,vinkovetskyi,UA.KM.VI,0,,Raion,District,,Vinkivskyi,vinkovetskyi,97.19,2.58,VINKOVETSKYI RAION,31085.0
240,UKR,Ukraine,10,Khmel'nyts'kyy,253,volochyskyi,UA.KM.VO,0,,Raion,District,,Volochyskyi,volochyskyi,98.46,1.32,VOLOCHYSKYI RAION,60610.0
240,UKR,Ukraine,11,Kiev City,254,darnytskyi,UA.KC.DA,0,,Raion,Raion,,Darnytskyi,darnytskyi,77.91,20.53,"DARNYTSKYI raion, m. KYIV",256695.0
240,UKR,Ukraine,11,Kiev City,255,desnianskyi,UA.KC.DE,0,,Raion,Raion,,Desnianskyi,desnianskyi,74.74,23.42,"DESNIANSKYI raion, m. KYIV",256695.0
240,UKR,Ukraine,11,Kiev City,256,dniprovskyi,UA.KC.DN,0,,Raion,Raion,,Dniprovskyi,dniprovskyi,71.9,27.1,"DNIPROVSKYI raion, m. KYIV",256695.0
240,UKR,Ukraine,11,Kiev City,257,holosiïvskyi,UA.KC.HO,0,,Raion,Raion,,Holosiivskyi,holosiïvskyi,75.93,22.17,"HOLOSIIVSKYI raion, m. KYIV",256695.0
240,UKR,Ukraine,11,Kiev City,258,obolonskyi,UA.KC.OB,0,,Raion,Raion,,Obolonskyi,obolonskyi,70.31,23.6,"OBOLONSKYI raion, m. KYIV",256695.0
240,UKR,Ukraine,11,Kiev City,259,pecherskyi,UA.KC.PE,0,,Raion,Raion,,Pecherskyi,pecherskyi,60.23,30.67,"PECHERSKYI raion, m. KYIV",256695.0
240,UKR,Ukraine,11,Kiev City,260,podilskyi,UA.KC.PO,0,,Raion,Raion,,Podilskyi,podilskyi,73.94,25.03,"PODILSKYI raion, m. KYIV",256695.0
240,UKR,Ukraine,11,Kiev City,261,shevchenkivskyi,UA.KC.SH,0,,Raion,Raion,,Shevchenkivskyi,shevchenkivskyi,91.23,7.75,SHEVCHENKIVSKYI RAION,23290.0
240,UKR,Ukraine,11,Kiev City,261,shevchenkivskyi,UA.KC.SH,0,,Raion,Raion,,Shevchenkivskyi,shevchenkivskyi,64.65,32.14,"SHEVCHENKIVSKYI raion, m. KYIV",256695.0
240,UKR,Ukraine,11,Kiev City,262,solomianskyi,UA.KC.SO,0,,Raion,Raion,,Solomianskyi,solomianskyi,67.51,30.47,"SOLOMIANSKYI raion, m. KYIV",256695.0
240,UKR,Ukraine,11,Kiev City,263,sviatoshynskyi,UA.KC.SV,0,,Raion,Raion,,Sviatoshynskyi,sviatoshynskyi,77.16,21.51,"SVIATOSHYNSKYI raion, m. KYIV",256695.0
240,UKR,Ukraine,12,Kiev,264,baryshivskyi,UA.KV.BA,0,,Raion,District,,Baryshivskyi,baryshivskyi,96.45,3.02,BARYSHIVSKYI RAION,41543.0
240,UKR,Ukraine,12,Kiev,265,bilotserkivska,UA.KV.BT,0,,Misto,City,,BilaTserkva,bilotserkivska,86.61,12.31,m. BILA TSERKVA,196023.0
240,UKR,Ukraine,12,Kiev,266,bilotserkivskyi,UA.KV.BI,0,,Raion,District,,Bilotserkovskyi,bilotserkivskyi,95.65,3.95,BILOTSERKIVSKYI RAION,55608.0
240,UKR,Ukraine,12,Kiev,267,bohuslavskyi,UA.KV.BH,0,,Raion,District,,Boguslavskyi,bohuslavskyi,97.60,2.22,BOHUSLAVSKYI RAION,40575.0
240,UKR,Ukraine,12,Kiev,268,borodianskyi,UA.KV.BD,0,,Raion,District,,Borodyanskyi,borodianskyi,94.67,4.78,BORODIANSKYI RAION,57481.0
240,UKR,Ukraine,12,Kiev,269,boryspilska,UA.KV.BS,0,,Mis'ka Rada,Mis'ka Rada,,Boryspilskyi,boryspilska,95.67,3.82,BORYSPILSKYI RAION,54670.0
240,UKR,Ukraine,12,Kiev,270,brovarska,UA.KV.BO,0,,Misto,City,,,brovarska,86.44,12.89,m. BROVARY,86165.0
240,UKR,Ukraine,12,Kiev,271,brovarskyi,UA.KV.BV,0,,Raion,District,,Brovarskyi,brovarskyi,96.87,2.80,BROVARSKYI RAION,77704.0
240,UKR,Ukraine,12,Kiev,272,fastivska,UA.KV.FM,0,,Misto,City,,,fastivska,90.83,8.61,m. FASTIV,51552.0
240,UKR,Ukraine,12,Kiev,273,fastivskyi,UA.KV.FR,0,,Raion,District,,Fastivskyi,fastivskyi,96.15,3.28,FASTIVSKYI RAION,37545.0
240,UKR,Ukraine,12,Kiev,274,iahotynskyi,UA.KV.IA,0,,Raion,District,,Yagotynskyi,iahotynskyi,96.08,3.46,YAHOTYNSKYI RAION,40795.0
240,UKR,Ukraine,12,Kiev,275,irpinska,UA.KV.IR,0,,Mis'ka Rada,Mis'ka Rada,,Irpin,irpinska,87.79,11.63,IRPIN (miskrada),100390.0
240,UKR,Ukraine,12,Kiev,276,ivankivskyi,UA.KV.IV,0,,Raion,District,,Ivankivskyi,ivankivskyi,96.47,3.12,IVANKIVSKYI RAION,35374.0
240,UKR,Ukraine,12,Kiev,277,kaharlytskyi,UA.KV.KA,0,,Raion,District,,Kagarlytskyi,kaharlytskyi,96.97,2.65,KAHARLYTSKYI RAION,38246.0
240,UKR,Ukraine,12,Kiev,278,kyievo-sviatoshynskyi,UA.KV.KY,0,,Raion,District,,KyevoSvyatoshynsk,kyievo-sviatoshynskyi,91.40,8.06,KYIEVO-SVIATOSHYNSKYI RAION,154354.0
240,UKR,Ukraine,12,Kiev,279,makarivskyi,UA.KV.MA,0,,Raion,District,,Makarivskyi,makarivskyi,95.69,3.83,MAKARIVSKYI RAION,48438.0
240,UKR,Ukraine,12,Kiev,280,myronivskyi,UA.KV.MY,0,,Raion,District,,Myronivskyi,myronivskyi,96.68,2.95,MYRONIVSKYI RAION,40803.0
240,UKR,Ukraine,12,Kiev,281,obukhivskyi,UA.KV.OB,0,,Raion,District,,Obuhivskyi,obukhivskyi,87.29,12.19,OBUKHIVSKYI RAION,71510.0
240,UKR,Ukraine,12,Kiev,282,pereiaslav-khmelnytska,UA.KV.PM,0,,Misto,City,,,pereiaslav-khmelnytska,95.89,3.61,m. PEREIASLAV-KHMELNYTSKYI,31621.0
240,UKR,Ukraine,12,Kiev,283,pereiaslav-khmelnytskyi,UA.KV.PR,0,,Raion,District,,PereyaslavHmelnyt,pereiaslav-khmelnytskyi,97.14,2.56,PEREIASLAV-KHMELNYTSKYI RAION,36527.0
240,UKR,Ukraine,12,Kiev,284,poliskyi,UA.KV.PO,0,,Raion,District,,Poliskyi-Kyi,poliskyi,97.23,2.18,POLISKYI RAION,7572.0
240,UKR,Ukraine,12,Kiev,285,rokytnianskyi,UA.KV.RO,0,,Raion,District,,Rokytnyanskyi,rokytnianskyi,97.98,1.80,ROKYTNIANSKYI RAION,36354.0
240,UKR,Ukraine,12,Kiev,286,skvyrskyi,UA.KV.SK,0,,Raion,District,,Skvyrskyi,skvyrskyi,97.39,1.93,SKVYRSKYI RAION,44320.0
240,UKR,Ukraine,12,Kiev,287,stavyshchenskyi,UA.KV.ST,0,,Raion,District,,Stavyschenskyi,stavyshchenskyi,98.31,1.39,STAVYSHCHENSKYI RAION,28491.0
240,UKR,Ukraine,12,Kiev,288,tarashchanskyi,UA.KV.TA,0,,Raion,District,,Taraschanskyi,tarashchanskyi,97.94,1.68,TARASHCHANSKYI RAION,36423.0
240,UKR,Ukraine,12,Kiev,289,tetiïvskyi,UA.KV.TE,0,,Raion,District,,Tetiivskyi,tetiïvskyi,98.24,1.52,TETIIVSKYI RAION,37866.0
240,UKR,Ukraine,12,Kiev,290,vasylkivskyi,UA.KV.VR,0,,Raion,District,,Vasylkivskyi,vasylkivskyi,94.53,4.63,VASYLKIVSKYI RAION,70467.0
240,UKR,Ukraine,12,Kiev,290,vasylkivskyi,UA.KV.VR,0,,Raion,District,,Vasylkivskyi,vasylkivskyi,95.35,4.15,VASYLKIVSKYI RAION,70467.0
240,UKR,Ukraine,12,Kiev,291,volodarskyi,UA.KV.VO,0,,Raion,District,,Volodarskyi-Kyi,volodarskyi,31.14,67.4,VOLODARSKYI RAION,31168.0
240,UKR,Ukraine,12,Kiev,291,volodarskyi,UA.KV.VO,0,,Raion,District,,Volodarskyi-Kyi,volodarskyi,31.14,67.4,VOLODARSKYI RAION,23345.0
240,UKR,Ukraine,12,Kiev,291,volodarskyi,UA.KV.VO,0,,Raion,District,,Volodarskyi-Kyi,volodarskyi,97.84,1.90,VOLODARSKYI RAION,31168.0
240,UKR,Ukraine,12,Kiev,291,volodarskyi,UA.KV.VO,0,,Raion,District,,Volodarskyi-Kyi,volodarskyi,97.84,1.90,VOLODARSKYI RAION,23345.0
240,UKR,Ukraine,12,Kiev,292,vyshhorodskyi,UA.KV.VY,0,,Raion,District,,Vyshgorodskyi,vyshhorodskyi,90.28,9.25,VYSHHORODSKYI RAION,72589.0
240,UKR,Ukraine,12,Kiev,293,zgurivskyi,UA.KV.ZG,0,,Raion,District,,Zgurivskyi,zgurivskyi,97.02,2.30,ZGHURIVSKYI RAION,22916.0
240,UKR,Ukraine,13,Kirovohrad,294,bobrynetskyi,UA.KH.BO,0,,Raion,District,,Bobrynetskyi,bobrynetskyi,96.16,2.27,BOBRYNETSKYI RAION,31531.0
240,UKR,Ukraine,13,Kirovohrad,295,dobrovelychkivskyi,UA.KH.DB,0,,Raion,District,,Dobrovelychkivsky,dobrovelychkivskyi,95.26,3.16,DOBROVELYCHKIVSKYI RAION,42958.0
240,UKR,Ukraine,13,Kirovohrad,296,dolynskyi,UA.KH.DL,0,,Raion,District,,Dolynskyi-Krv,dolynskyi,98.74,0.99,DOLYNSKYI RAION,71059.0
240,UKR,Ukraine,13,Kirovohrad,296,dolynskyi,UA.KH.DL,0,,Raion,District,,Dolynskyi-Krv,dolynskyi,98.74,0.99,DOLYNSKYI RAION,37962.0
240,UKR,Ukraine,13,Kirovohrad,296,dolynskyi,UA.KH.DL,0,,Raion,District,,Dolynskyi-Krv,dolynskyi,94.42,4.56,DOLYNSKYI RAION,71059.0
240,UKR,Ukraine,13,Kirovohrad,296,dolynskyi,UA.KH.DL,0,,Raion,District,,Dolynskyi-Krv,dolynskyi,94.42,4.56,DOLYNSKYI RAION,37962.0
240,UKR,Ukraine,13,Kirovohrad,297,haivoronskyi,UA.KH.HA,0,,Raion,District,,Gayvoronskyi,haivoronskyi,96.54,2.9,HAIVORONSKYI RAION,43454.0
240,UKR,Ukraine,13,Kirovohrad,298,holovanivskyi,UA.KH.HO,0,,Raion,District,,Golovanivskyi,holovanivskyi,95.64,3.71,HOLOVANIVSKYI RAION,36645.0
240,UKR,Ukraine,13,Kirovohrad,299,kirovohradskyi,UA.KH.KR,0,,Raion,District,,Kirovogradskyi,kirovohradskyi,87.85,10.42,KIROVOHRADSKYI RAION,37600.0
240,UKR,Ukraine,13,Kirovohrad,300,kompani‹vskyi,UA.KH.KO,0,,Raion,District,,Kompaniivskyi,kompani‹vskyi,95.45,2.53,KOMPANIIVSKYI RAION,18162.0
240,UKR,Ukraine,13,Kirovohrad,301,malovyskivskyi,UA.KH.MA,0,,Raion,District,,Malovyskyi,malovyskivskyi,89.34,9.56,MALOVYSKIVSKYI RAION,51164.0
240,UKR,Ukraine,13,Kirovohrad,302,novhorodkivskyi,UA.KH.NH,0,,Raion,District,,Novgorodskyi,novhorodkivskyi,97.05,2.07,NOVHORODKIVSKYI RAION,18947.0
240,UKR,Ukraine,13,Kirovohrad,303,novoarkhanhelskyi,UA.KH.NA,0,,Raion,District,,Novoarhangelskyi,novoarkhanhelskyi,96.95,1.87,NOVOARKHANHELSKYI RAION,31327.0
240,UKR,Ukraine,13,Kirovohrad,304,novomyrhorodskyi,UA.KH.NM,0,,Raion,District,,Novomyrgorodskyi,novomyrhorodskyi,95.15,2.48,NOVOMYRHORODSKYI RAION,35835.0
240,UKR,Ukraine,13,Kirovohrad,305,novoukra‹nskyi,UA.KH.NU,0,,Raion,District,,Novoukrainskyi,novoukra‹nskyi,95.32,2.67,NOVOUKRAINSKYI RAION,48486.0
240,UKR,Ukraine,13,Kirovohrad,306,oleksandriiskyi,UA.KH.OR,0,,Raion,District,,Oleksandriyskyi,oleksandriiskyi,95.03,3.79,OLEKSANDRIISKYI RAION,41108.0
240,UKR,Ukraine,13,Kirovohrad,307,oleksandrivskyi,UA.KH.OV,0,,Raion,District,,Oleksandrivskyi,oleksandrivskyi,89.51,9.98,OLEKSANDRIVSKYI RAION,23036.0
240,UKR,Ukraine,13,Kirovohrad,307,oleksandrivskyi,UA.KH.OV,0,,Raion,District,,Oleksandrivskyi,oleksandrivskyi,89.51,9.98,OLEKSANDRIVSKYI RAION,36009.0
240,UKR,Ukraine,13,Kirovohrad,307,oleksandrivskyi,UA.KH.OV,0,,Raion,District,,Oleksandrivskyi,oleksandrivskyi,96.83,2.32,OLEKSANDRIVSKYI RAION,23036.0
240,UKR,Ukraine,13,Kirovohrad,307,oleksandrivskyi,UA.KH.OV,0,,Raion,District,,Oleksandrivskyi,oleksandrivskyi,96.83,2.32,OLEKSANDRIVSKYI RAION,36009.0
240,UKR,Ukraine,13,Kirovohrad,308,onufri‹vskyi,UA.KH.ON,0,,Raion,District,,Onufriivskyi,onufri‹vskyi,86.27,12.88,ONUFRIIVSKYI RAION,21757.0
240,UKR,Ukraine,13,Kirovohrad,309,petrivskyi,UA.KH.PE,0,,Raion,District,,Petrovskyi-Krv,petrivskyi,93.58,5.28,PETRIVSKYI RAION,28954.0
240,UKR,Ukraine,13,Kirovohrad,310,svitlovodskyi,UA.KH.SR,0,,Raion,District,,Svitlovodskyi-Krv,svitlovodskyi,85.92,12.93,SVITLOVODSKYI RAION,16618.0
240,UKR,Ukraine,13,Kirovohrad,311,ulianovskyi,UA.KH.UL,0,,Raion,District,,Ulyanivskyi-Krv,ulianovskyi,97.06,1.72,ULIANOVSKYI RAION,28718.0
240,UKR,Ukraine,13,Kirovohrad,312,ustynivskyi,UA.KH.US,0,,Raion,District,,Ustynivskyi,ustynivskyi,95.61,2.32,USTYNIVSKYI RAION,16690.0
240,UKR,Ukraine,13,Kirovohrad,313,vilshanskyi,UA.KH.VI,0,,Raion,District,,Vilshanskyi,vilshanskyi,92.7,2.54,VILSHANSKYI RAION,16360.0
240,UKR,Ukraine,13,Kirovohrad,314,znamianskyi,UA.KH.ZR,0,,Raion,District,,Znamyanskyi,znamianskyi,93.32,5.1,ZNAMIANSKYI RAION,30232.0
240,UKR,Ukraine,14,L'viv,315,brodivskyi,UA.LV.BR,0,,Raion,District,,Brodivskyi,brodivskyi,98.27,1.56,BRODIVSKYI RAION,63850.0
240,UKR,Ukraine,14,L'viv,316,buskyi,UA.LV.BU,0,,Raion,District,,Buskyi,buskyi,99.36,0.47,BUSKYI RAION,50871.0
240,UKR,Ukraine,14,L'viv,317,chervonohradska,UA.LV.CH,0,,Mis'ka Rada,Mis'ka Rada,,Chervonohrad,chervonohradska,93.34,6.24,CHERVONOHRAD (miskrada),85034.0
240,UKR,Ukraine,14,L'viv,318,drohobytska,UA.LV.DM,0,,Mis'ka Rada,Mis'ka Rada,,,drohobytska,94.94,3.77,DROHOBYCH (miskrada),97683.0
240,UKR,Ukraine,14,L'viv,319,drohobytskyi,UA.LV.DR,0,,Raion,District,,Drogobytskyi,drohobytskyi,99.63,0.27,DROHOBYTSKYI RAION,76338.0
240,UKR,Ukraine,14,L'viv,320,horodotskyi,UA.LV.HO,0,,Raion,District,,Gorodotskyi-Lvi,horodotskyi,99.05,0.77,HORODOTSKYI RAION,73974.0
240,UKR,Ukraine,14,L'viv,320,horodotskyi,UA.LV.HO,0,,Raion,District,,Gorodotskyi-Lvi,horodotskyi,99.05,0.77,HORODOTSKYI RAION,58348.0
240,UKR,Ukraine,14,L'viv,320,horodotskyi,UA.LV.HO,0,,Raion,District,,Gorodotskyi-Lvi,horodotskyi,98.46,0.98,HORODOTSKYI RAION,73974.0
240,UKR,Ukraine,14,L'viv,320,horodotskyi,UA.LV.HO,0,,Raion,District,,Gorodotskyi-Lvi,horodotskyi,98.46,0.98,HORODOTSKYI RAION,58348.0
240,UKR,Ukraine,14,L'viv,321,iavorivskyi,UA.LV.IA,0,,Raion,District,,Yavorivskyi,iavorivskyi,98.86,1.0,YAVORIVSKYI RAION,123321.0
240,UKR,Ukraine,14,L'viv,322,kamianka-buzkyi,UA.LV.KA,0,,Raion,District,,KamyankaBuzkyi,kamianka-buzkyi,98.82,0.98,KAMIANKA-BUZKYI RAION,61832.0
240,UKR,Ukraine,14,L'viv,323,lvivska,UA.LV.LV,0,,Mis'ka Rada,Mis'ka Rada,,Lviv,lvivska,88.75,9.72,LVIV (miskrada),749768.0
240,UKR,Ukraine,14,L'viv,324,mostyskyi,UA.LV.MS,0,,Raion,District,,Mostyskyi,mostyskyi,93.21,0.42,MOSTYSKYI RAION,61919.0
240,UKR,Ukraine,14,L'viv,325,mykola‹vskyi,UA.LV.MY,0,,Raion,District,,Mykolayivskyi-Lvi,mykola‹vskyi,98.47,1.37,MYKOLAIVSKYI RAION,94506.0
240,UKR,Ukraine,14,L'viv,325,mykola‹vskyi,UA.LV.MY,0,,Raion,District,,Mykolayivskyi-Lvi,mykola‹vskyi,98.47,1.37,MYKOLAIVSKYI RAION,34675.0
240,UKR,Ukraine,14,L'viv,325,mykola‹vskyi,UA.LV.MY,0,,Raion,District,,Mykolayivskyi-Lvi,mykola‹vskyi,98.47,1.37,MYKOLAIVSKYI RAION,20153.0
240,UKR,Ukraine,14,L'viv,326,peremyshlianskyi,UA.LV.PE,0,,Raion,District,,Peremyshlyanskyi,peremyshlianskyi,99.68,0.25,PEREMYSHLIANSKYI RAION,47763.0
240,UKR,Ukraine,14,L'viv,327,pustomytivskyi,UA.LV.PU,0,,Raion,District,,Pustomytivskyi,pustomytivskyi,98.94,0.68,PUSTOMYTIVSKYI RAION,112009.0
240,UKR,Ukraine,14,L'viv,328,radekhivskyi,UA.LV.RA,0,,Raion,District,,Radehivskyi,radekhivskyi,99.55,0.34,RADEKHIVSKYI RAION,52439.0
240,UKR,Ukraine,14,L'viv,329,sambirska,UA.LV.SM,0,,Misto,City,,,sambirska,95.16,2.31,m. SAMBIR,36218.0
240,UKR,Ukraine,14,L'viv,330,sambirskyi,UA.LV.SR,0,,Raion,District,,Sambirskyi,sambirskyi,97.99,0.6,SAMBIRSKYI RAION,74598.0
240,UKR,Ukraine,14,L'viv,331,skolivskyi,UA.LV.SK,0,,Raion,District,,Skolevskyi,skolivskyi,99.41,0.47,SKOLIVSKYI RAION,50310.0
240,UKR,Ukraine,14,L'viv,332,sokalskyi,UA.LV.SO,0,,Raion,District,,Sokalskyi,sokalskyi,99.03,0.79,SOKALSKYI RAION,98123.0
240,UKR,Ukraine,14,L'viv,333,starosambirskyi,UA.LV.SS,0,,Raion,District,,Starosambirskyi,starosambirskyi,98.76,0.38,STAROSAMBIRSKYI RAION,82135.0
240,UKR,Ukraine,14,L'viv,334,stryiska,UA.LV.SY,0,,Misto,City,,,stryiska,92.98,5.06,m. STRYI,62051.0
240,UKR,Ukraine,14,L'viv,335,stryiskyi,UA.LV.ST,0,,Raion,District,,Stryyskyi,stryiskyi,99.27,0.62,STRYISKYI RAION,68449.0
240,UKR,Ukraine,14,L'viv,336,turkivskyi,UA.LV.TU,0,,Raion,District,,Turkskyi-Lvi,turkivskyi,99.82,0.14,TURKIVSKYI RAION,54906.0
240,UKR,Ukraine,14,L'viv,337,zhovkivskyi,UA.LV.ZV,0,,Raion,District,,Zhovkvovskyi,zhovkivskyi,99.11,0.67,ZHOVKIVSKYI RAION,109173.0
240,UKR,Ukraine,14,L'viv,338,zhydachivskyi,UA.LV.ZD,0,,Raion,District,,Zhydachivskyi,zhydachivskyi,99.27,0.56,ZHYDACHIVSKYI RAION,80812.0
240,UKR,Ukraine,14,L'viv,339,zolochivskyi,UA.LV.ZO,0,,Raion,District,,Zolochivskyi,zolochivskyi,98.97,0.86,ZOLOCHIVSKYI RAION,74686.0
240,UKR,Ukraine,14,L'viv,339,zolochivskyi,UA.LV.ZO,0,,Raion,District,,Zolochivskyi,zolochivskyi,98.97,0.86,ZOLOCHIVSKYI RAION,34052.0
240,UKR,Ukraine,14,L'viv,339,zolochivskyi,UA.LV.ZO,0,,Raion,District,,Zolochivskyi,zolochivskyi,85.66,13.34,ZOLOCHIVSKYI RAION,74686.0
240,UKR,Ukraine,14,L'viv,339,zolochivskyi,UA.LV.ZO,0,,Raion,District,,Zolochivskyi,zolochivskyi,85.66,13.34,ZOLOCHIVSKYI RAION,34052.0
240,UKR,Ukraine,15,Luhans'k,340,alchevska,UA.LH.AL,0,,Misto,City,,Alchevsk,alchevska,15.26,83.58,m. ALCHEVSK,118611.0
240,UKR,Ukraine,15,Luhans'k,341,antratsitivska,UA.LH.AM,0,,Mis'ka Rada,Mis'ka Rada,,Antratsyt,antratsitivska,13.93,83.7,ANTRATSYT (miskrada),90416.0
240,UKR,Ukraine,15,Luhans'k,342,antratsytivskyi,UA.LH.AR,0,,Raion,District,,Antratsytovskyi,antratsytivskyi,46.51,53.1,ANTRATSYTIVSKYI RAION,37451.0
240,UKR,Ukraine,15,Luhans'k,343,bilokurakynskyi,UA.LH.BK,0,,Raion,District,,Bilokurakinskyi,bilokurakynskyi,91.39,8.37,BILOKURAKYNSKYI RAION,23918.0
240,UKR,Ukraine,15,Luhans'k,344,bilovodskyi,UA.LH.BV,0,,Raion,District,,Bilovodskyi,bilovodskyi,84.2,15.56,BILOVODSKYI RAION,27584.0
240,UKR,Ukraine,15,Luhans'k,345,briankivska,UA.LH.BR,0,,Mis'ka Rada,Mis'ka Rada,,Brianka,briankivska,14.0,85.68,BRIANKA (miskrada),61449.0
240,UKR,Ukraine,15,Luhans'k,346,kirovska,UA.LH.KI,0,,Mis'ka Rada,Mis'ka Rada,,Kirovsk,kirovska,20.25,79.3,KIROVSK (miskrada),44948.0
240,UKR,Ukraine,15,Luhans'k,347,krasnodonska,UA.LH.KM,0,,Mis'ka Rada,Mis'ka Rada,,Krasnodons'ka,krasnodonska,8.32,91.11,KRASNODON (miskrada),117730.0
240,UKR,Ukraine,15,Luhans'k,348,krasnodonskyi,UA.LH.KR,0,,Raion,District,,Krasnodonskyi,krasnodonskyi,27.26,72.32,KRASNODONSKYI RAION,32848.0
240,UKR,Ukraine,15,Luhans'k,349,krasnolutska,UA.LH.KL,0,,Mis'ka Rada,Mis'ka Rada,,,krasnolutska,14.65,83.59,KRASNYI LUCH (miskrada),145199.0
240,UKR,Ukraine,15,Luhans'k,350,kreminskyi,UA.LH.KN,0,,Raion,District,,Kreminskyi,kreminskyi,78.73,20.82,KREMINSKYI RAION,51691.0
240,UKR,Ukraine,15,Luhans'k,351,luhanska,UA.LH.LH,0,,Mis'ka Rada,Mis'ka Rada,,Lugansk,luhanska,14.33,84.73,LUHANSK (miskrada),499252.0
240,UKR,Ukraine,15,Luhans'k,352,lutuhynskyi,UA.LH.LT,0,,Raion,District,,Lutuginskyi,lutuhynskyi,49.33,49.82,LUTUHYNSKYI RAION,74106.0
240,UKR,Ukraine,15,Luhans'k,353,lysychanska,UA.LH.LY,0,,Mis'ka Rada,Mis'ka Rada,,Lisychansk,lysychanska,35.34,62.86,LYSYCHANSK (miskrada),133140.0
240,UKR,Ukraine,15,Luhans'k,354,markivskyi,UA.LH.MA,0,,Raion,District,,Markivskyi-Lug,markivskyi,93.78,5.8,MARKIVSKYI RAION,18987.0
240,UKR,Ukraine,15,Luhans'k,355,milovskyi,UA.LH.MI,0,,Raion,District,,Milovskyi,milovskyi,73.84,24.12,MILOVSKYI RAION,17411.0
240,UKR,Ukraine,15,Luhans'k,356,n.a. ( 182),,0,,,,,,,,,,
240,UKR,Ukraine,15,Luhans'k,357,novoaidarskyi,UA.LH.NA,0,,Raion,District,,Novoaydarskyi,novoaidarskyi,45.99,53.61,NOVOAIDARSKYI RAION,28574.0
240,UKR,Ukraine,15,Luhans'k,358,novopskovskyi,UA.LH.NP,0,,Raion,District,,Novopskovskyi,novopskovskyi,92.2,7.52,NOVOPSKOVSKYI RAION,38299.0
240,UKR,Ukraine,15,Luhans'k,359,perevalskyi,UA.LH.PL,0,,Raion,District,,Perevalskyi,perevalskyi,23.15,76.39,PEREVALSKYI RAION,86631.0
240,UKR,Ukraine,15,Luhans'k,360,popasnianskyi,UA.LH.PO,0,,Raion,District,,Popasnyanskyi,popasnianskyi,64.08,35.6,POPASNIANSKYI RAION,50533.0
240,UKR,Ukraine,15,Luhans'k,361,rovenkivska,UA.LH.RO,0,,Mis'ka Rada,Mis'ka Rada,,Rovenki,rovenkivska,21.24,78.3,ROVENKY (miskrada),91558.0
240,UKR,Ukraine,15,Luhans'k,362,rubezhanska,UA.LH.RU,0,,Misto,City,,Rubizhne,rubezhanska,38.95,60.05,m. RUBIZHNE,65564.0
240,UKR,Ukraine,15,Luhans'k,363,sieverodonetska,UA.LH.SI,0,,Mis'ka Rada,Mis'ka Rada,,Severodonetsk,sieverodonetska,28.31,70.78,SIEVERODONETSK (miskrada),130047.0
240,UKR,Ukraine,15,Luhans'k,364,slovianoserbskyi,UA.LH.SS,0,,Raion,District,,Slovyanoserbskyi,slovianoserbskyi,38.94,60.4,SLOVIANOSERBSKYI RAION,61834.0
240,UKR,Ukraine,15,Luhans'k,365,stakhanivska,UA.LH.SK,0,,Mis'ka Rada,Mis'ka Rada,,Stahanov,stakhanivska,14.38,83.8,STAKHANOV (miskrada),108417.0
240,UKR,Ukraine,15,Luhans'k,366,stanychno-luhanskyi,UA.LH.SL,0,,Raion,District,,StanichnoLugansky,stanychno-luhanskyi,14.17,85.06,STANYCHNO-LUHANSKYI RAION,53038.0
240,UKR,Ukraine,15,Luhans'k,367,starobilskyi,UA.LH.SB,0,,Raion,District,,Starobilskyi,starobilskyi,79.17,20.48,STAROBILSKYI RAION,57620.0
240,UKR,Ukraine,15,Luhans'k,368,svativskyi,UA.LH.SV,0,,Raion,District,,Svatovskyi,svativskyi,91.84,7.55,SVATIVSKYI RAION,42587.0
240,UKR,Ukraine,15,Luhans'k,369,sverdlovska,UA.LH.SM,0,,Mis'ka Rada,Mis'ka Rada,,Sverdlovs'ka,sverdlovska,14.22,83.53,SVERDLOVSK (miskrada),110107.0
240,UKR,Ukraine,15,Luhans'k,370,sverdlovskyi,UA.LH.SR,0,,Raion,District,,Sverdlovskyi-Lug,sverdlovskyi,56.01,41.29,SVERDLOVSKYI RAION,14227.0
240,UKR,Ukraine,15,Luhans'k,371,tro‹tskyi,UA.LH.TR,0,,Raion,District,,Troitskyi-Lug,tro‹tskyi,62.76,36.89,TROITSKYI RAION,25701.0
240,UKR,Ukraine,16,Mykolayiv,372,arbuzynskyi,UA.MY.AR,0,,Raion,District,,Arbuzynskyi,arbuzynskyi,88.35,8.9,ARBUZYNSKYI RAION,24810.0
240,UKR,Ukraine,16,Mykolayiv,373,bashtanskyi,UA.MY.BA,0,,Raion,District,,Bashtanskyi,bashtanskyi,91.37,5.51,BASHTANSKYI RAION,41509.0
240,UKR,Ukraine,16,Mykolayiv,374,berezanskyi,UA.MY.BE,0,,Raion,District,,Berezanskyi,berezanskyi,88.87,8.27,BEREZANSKYI RAION,25141.0
240,UKR,Ukraine,16,Mykolayiv,375,bereznehuvatskyi,UA.MY.BH,0,,Raion,District,,Berezneguvatskyi,bereznehuvatskyi,91.65,6.76,BEREZNEHUVATSKYI RAION,23155.0
240,UKR,Ukraine,16,Mykolayiv,376,bratskyi,UA.MY.BR,0,,Raion,District,,Bratskyi-Myk,bratskyi,86.13,9.97,BRATSKYI RAION,21263.0
240,UKR,Ukraine,16,Mykolayiv,377,domanivskyi,UA.MY.DO,0,,Raion,District,,Domanivskyi,domanivskyi,94.71,2.67,DOMANIVSKYI RAION,29106.0
240,UKR,Ukraine,16,Mykolayiv,378,ielanetskyi,UA.MY.IE,0,,Raion,District,,Yelanetskyi,ielanetskyi,92.93,3.58,YELANETSKYI RAION,18423.0
240,UKR,Ukraine,16,Mykolayiv,379,kazanetskyi,UA.MY.KA,0,,Raion,District,,Kazankivs'kyi,kazanetskyi,81.22,17.26,KAZANKIVSKYI RAION,24807.0
240,UKR,Ukraine,16,Mykolayiv,380,kryvoozerskyi,UA.MY.KR,0,,Raion,District,,Kryvoozerskyi,kryvoozerskyi,96.93,1.82,KRYVOOZERSKYI RAION,28538.0
240,UKR,Ukraine,16,Mykolayiv,381,mykola‹vska,UA.MY.MM,0,,Misto,City,,Mykolayiv-Myk,mykola‹vska,42.17,56.81,m. MYKOLAIV,509102.0
240,UKR,Ukraine,16,Mykolayiv,382,mykola‹vskyi,UA.MY.MR,0,,Raion,District,,Mykolayivskyi-Myl,mykola‹vskyi,98.47,1.37,MYKOLAIVSKYI RAION,94506.0
240,UKR,Ukraine,16,Mykolayiv,382,mykola‹vskyi,UA.MY.MR,0,,Raion,District,,Mykolayivskyi-Myl,mykola‹vskyi,98.47,1.37,MYKOLAIVSKYI RAION,34675.0
240,UKR,Ukraine,16,Mykolayiv,382,mykola‹vskyi,UA.MY.MR,0,,Raion,District,,Mykolayivskyi-Myl,mykola‹vskyi,98.47,1.37,MYKOLAIVSKYI RAION,20153.0
240,UKR,Ukraine,16,Mykolayiv,383,novobuzkyi,UA.MY.NB,0,,Raion,District,,Novobuzkyi,novobuzkyi,94.03,4.42,NOVOBUZKYI RAION,34190.0
240,UKR,Ukraine,16,Mykolayiv,384,novoodeskyi,UA.MY.NO,0,,Raion,District,,Novoodeskyi,novoodeskyi,92.42,5.93,NOVOODESKYI RAION,37543.0
240,UKR,Ukraine,16,Mykolayiv,385,ochakivskyi,UA.MY.OR,0,,Raion,District,,Ochakivskyi,ochakivskyi,85.21,12.67,OCHAKIVSKYI RAION,17062.0
240,UKR,Ukraine,16,Mykolayiv,386,pervomaiska,UA.MY.PM,0,,Misto,City,,,pervomaiska,37.94,57.07,PERVOMAISK (miskrada),80713.0
240,UKR,Ukraine,16,Mykolayiv,387,pervomaiskyi,UA.MY.PR,0,,Raion,District,,Pervomayskyi-Myk,pervomaiskyi,19.27,58.44,PERVOMAISKYI RAION,40367.0
240,UKR,Ukraine,16,Mykolayiv,387,pervomaiskyi,UA.MY.PR,0,,Raion,District,,Pervomayskyi-Myk,pervomaiskyi,19.27,58.44,PERVOMAISKYI RAION,37203.0
240,UKR,Ukraine,16,Mykolayiv,387,pervomaiskyi,UA.MY.PR,0,,Raion,District,,Pervomayskyi-Myk,pervomaiskyi,19.27,58.44,PERVOMAISKYI RAION,19999.0
240,UKR,Ukraine,16,Mykolayiv,387,pervomaiskyi,UA.MY.PR,0,,Raion,District,,Pervomayskyi-Myk,pervomaiskyi,93.22,4.76,PERVOMAISKYI RAION,40367.0
240,UKR,Ukraine,16,Mykolayiv,387,pervomaiskyi,UA.MY.PR,0,,Raion,District,,Pervomayskyi-Myk,pervomaiskyi,93.22,4.76,PERVOMAISKYI RAION,37203.0
240,UKR,Ukraine,16,Mykolayiv,387,pervomaiskyi,UA.MY.PR,0,,Raion,District,,Pervomayskyi-Myk,pervomaiskyi,93.22,4.76,PERVOMAISKYI RAION,19999.0
240,UKR,Ukraine,16,Mykolayiv,387,pervomaiskyi,UA.MY.PR,0,,Raion,District,,Pervomayskyi-Myk,pervomaiskyi,42.83,52.65,PERVOMAISKYI (miskrada),33319.0
240,UKR,Ukraine,16,Mykolayiv,387,pervomaiskyi,UA.MY.PR,0,,Raion,District,,Pervomayskyi-Myk,pervomaiskyi,58.16,41.17,PERVOMAISKYI RAION,40367.0
240,UKR,Ukraine,16,Mykolayiv,387,pervomaiskyi,UA.MY.PR,0,,Raion,District,,Pervomayskyi-Myk,pervomaiskyi,58.16,41.17,PERVOMAISKYI RAION,37203.0
240,UKR,Ukraine,16,Mykolayiv,387,pervomaiskyi,UA.MY.PR,0,,Raion,District,,Pervomayskyi-Myk,pervomaiskyi,58.16,41.17,PERVOMAISKYI RAION,19999.0
240,UKR,Ukraine,16,Mykolayiv,388,snihurivskyi,UA.MY.SN,0,,Raion,District,,Snigurivskyi,snihurivskyi,90.96,7.74,SNIHURIVSKYI RAION,47542.0
240,UKR,Ukraine,16,Mykolayiv,389,veselynivskyi,UA.MY.VE,0,,Raion,District,,Veselynovskyi,veselynivskyi,92.74,5.47,VESELYNIVSKYI RAION,27046.0
240,UKR,Ukraine,16,Mykolayiv,390,voznesenska,UA.MY.VM,0,,Misto,City,,,voznesenska,86.47,12.5,m. VOZNESENSK,42248.0
240,UKR,Ukraine,16,Mykolayiv,391,voznesenskyi,UA.MY.VR,0,,Raion,District,,Voznesenskyi-Myk,voznesenskyi,89.57,8.22,VOZNESENSKYI RAION,36235.0
240,UKR,Ukraine,16,Mykolayiv,392,vradi‹vskyi,UA.MY.VD,0,,Raion,District,,Vradiyivskyi,vradi‹vskyi,96.0,1.82,VRADIIVSKYI RAION,21223.0
240,UKR,Ukraine,16,Mykolayiv,393,zhovtnevyi,UA.MY.ZH,0,,Raion,District,,Zhovtnevyi-Myk,zhovtnevyi,80.51,18.08,ZHOVTNEVYI RAION,54763.0
240,UKR,Ukraine,17,Odessa,394,anan‹vskyi,UA.OD.AN,0,,Raion,District,,Ananyivskyi,anan‹vskyi,78.17,5.27,ANANIVSKYI RAION,32537.0
240,UKR,Ukraine,17,Odessa,395,artsyzkyi,UA.OD.AR,0,,Raion,District,,Artsyzkyi,artsyzkyi,18.24,42.79,ARTSYZKYI RAION,51742.0
240,UKR,Ukraine,17,Odessa,396,baltskyi,UA.OD.BA,0,,Raion,District,,Baltenskyi,baltskyi,89.3,8.7,BALTSKYI RAION,48604.0
240,UKR,Ukraine,17,Odessa,397,berezivskyi,UA.OD.BE,0,,Raion,District,,Berezivskyi-Ode,berezivskyi,88.03,9.04,BEREZIVSKYI RAION,36046.0
240,UKR,Ukraine,17,Odessa,398,bilhorod-dnistrovska,UA.OD.BM,0,,Mis'ka Rada,Mis'ka Rada,,,bilhorod-dnistrovska,80.77,12.96,BILHOROD-DNISTROVSKYI RAION,62326.0
240,UKR,Ukraine,17,Odessa,399,bilhorod-dnistrovskyi,UA.OD.BR,0,,Raion,District,,Bilgorod Dnistrovs,bilhorod-dnistrovskyi,41.84,54.32,BILHOROD-DNISTROVSKYI (miskrada),57550.0
240,UKR,Ukraine,17,Odessa,400,bilia‹vskyi,UA.OD.BL,0,,Raion,District,,Bilyayivskyi,bilia‹vskyi,80.26,16.87,BILIAIVSKYI RAION,104723.0
240,UKR,Ukraine,17,Odessa,401,bolhradskyi,UA.OD.BO,0,,Raion,District,,Bolgradskyi-Ode,bolhradskyi,4.87,16.32,BOLHRADSKYI RAION,74951.0
240,UKR,Ukraine,17,Odessa,402,frunzivskyi,UA.OD.FR,0,,Raion,District,,Frunzevskyi-Ode,frunzivskyi,92.09,3.22,FRUNZIVSKYI RAION,21029.0
240,UKR,Ukraine,17,Odessa,403,ivanivskyi,UA.OD.IV,0,,Raion,District,,Ivanivskyi-Ode,ivanivskyi,72.56,17.56,IVANIVSKYI RAION,29658.0
240,UKR,Ukraine,17,Odessa,403,ivanivskyi,UA.OD.IV,0,,Raion,District,,Ivanivskyi-Ode,ivanivskyi,72.56,17.56,IVANIVSKYI RAION,18037.0
240,UKR,Ukraine,17,Odessa,403,ivanivskyi,UA.OD.IV,0,,Raion,District,,Ivanivskyi-Ode,ivanivskyi,90.15,7.05,IVANIVSKYI RAION,29658.0
240,UKR,Ukraine,17,Odessa,403,ivanivskyi,UA.OD.IV,0,,Raion,District,,Ivanivskyi-Ode,ivanivskyi,90.15,7.05,IVANIVSKYI RAION,18037.0
240,UKR,Ukraine,17,Odessa,404,izma‹lska,UA.OD.IM,0,,Misto,City,,Izmayilskyi,izma‹lska,26.34,21.56,IZMAILSKYI RAION,54692.0
240,UKR,Ukraine,17,Odessa,405,kiliiskyi,UA.OD.KL,0,,Raion,District,,Kiliyskyi,kiliiskyi,36.09,44.23,KILIISKYI RAION,59837.0
240,UKR,Ukraine,17,Odessa,406,kodymskyi,UA.OD.KD,0,,Raion,District,,Kodymskyi,kodymskyi,95.48,3.42,KODYMSKYI RAION,34788.0
240,UKR,Ukraine,17,Odessa,407,kominternivskyi,UA.OD.KI,0,,Raion,District,,Kominternivskyi,kominternivskyi,77.28,20.54,KOMINTERNIVSKYI RAION,67214.0
240,UKR,Ukraine,17,Odessa,408,kotovska,UA.OD.KM,0,,Misto,City,,,kotovska,70.32,26.54,m. KOTOVSK,40664.0
240,UKR,Ukraine,17,Odessa,409,kotovskyi,UA.OD.KR,0,,Raion,District,,Kotovskyi-Ode,kotovskyi,68.96,7.7,KOTOVSKYI RAION,30981.0
240,UKR,Ukraine,17,Odessa,410,krasnooknianskyi,UA.OD.KO,0,,Raion,District,,Krasnooknyanskyi,krasnooknianskyi,86.14,6.61,KRASNOOKNIANSKYI RAION,22879.0
240,UKR,Ukraine,17,Odessa,411,liubashivskyi,UA.OD.LI,0,,Raion,District,,Lyubashivskyi,liubashivskyi,93.13,2.69,LIUBASHIVSKYI RAION,33629.0
240,UKR,Ukraine,17,Odessa,412,mykola‹vskyi,UA.OD.MY,0,,Raion,District,,Mykolayivskyi-Ode,mykola‹vskyi,98.47,1.37,MYKOLAIVSKYI RAION,94506.0
240,UKR,Ukraine,17,Odessa,412,mykola‹vskyi,UA.OD.MY,0,,Raion,District,,Mykolayivskyi-Ode,mykola‹vskyi,98.47,1.37,MYKOLAIVSKYI RAION,34675.0
240,UKR,Ukraine,17,Odessa,412,mykola‹vskyi,UA.OD.MY,0,,Raion,District,,Mykolayivskyi-Ode,mykola‹vskyi,98.47,1.37,MYKOLAIVSKYI RAION,20153.0
240,UKR,Ukraine,17,Odessa,413,odeska,UA.OD.OD,0,,Misto,City,,Odesa,odeska,30.41,64.75,m. ODESA,1010298.0
240,UKR,Ukraine,17,Odessa,414,ovidiopolskyi,UA.OD.OV,0,,Raion,District,,Ovidiopolskyi,ovidiopolskyi,69.64,27.76,OVIDIOPOLSKYI RAION,60308.0
240,UKR,Ukraine,17,Odessa,415,reniiskyi,UA.OD.RE,0,,Raion,District,,Reniyskyi,reniiskyi,7.26,37.88,RENIISKYI RAION,40680.0
240,UKR,Ukraine,17,Odessa,416,rozdilniaskyi,UA.OD.RO,0,,Raion,District,,Rozdilnenskyi,rozdilniaskyi,68.06,28.42,ROZDILNIANSKYI RAION,56897.0
240,UKR,Ukraine,17,Odessa,417,saratskyi,UA.OD.SR,0,,Raion,District,,Saratskyi,saratskyi,41.29,21.42,SARATSKYI RAION,49907.0
240,UKR,Ukraine,17,Odessa,418,savranskyi,UA.OD.SV,0,,Raion,District,,Savranskyi,savranskyi,95.95,2.44,SAVRANSKYI RAION,22367.0
240,UKR,Ukraine,17,Odessa,419,shyria‹vskyi,UA.OD.SH,0,,Raion,District,,Shyrayevskyi,shyria‹vskyi,91.13,3.62,SHYRIAIVSKYI RAION,29809.0
240,UKR,Ukraine,17,Odessa,420,tarutynskyi,UA.OD.TR,0,,Raion,District,,Tarutynskyi,tarutynskyi,18.79,32.93,TARUTYNSKYI RAION,45169.0
240,UKR,Ukraine,17,Odessa,421,tatarbunarskyi,UA.OD.TT,0,,Raion,District,,Tatarbunarskyi,tatarbunarskyi,72.4,7.68,TATARBUNARSKYI RAION,41710.0
240,UKR,Ukraine,17,Odessa,422,velykomykhailivskyi,UA.OD.VE,0,,Raion,District,,Velykomyhaylivsky,velykomykhailivskyi,80.36,15.36,VELYKOMYKHAILIVSKYI RAION,32687.0
240,UKR,Ukraine,18,Poltava,423,chornukhynskyi,UA.PL.CR,0,,Raion,District,,Chornuskyi,chornukhynskyi,97.92,1.86,CHORNUKHYNSKYI RAION,16275.0
240,UKR,Ukraine,18,Poltava,424,chutivskyi,UA.PL.CT,0,,Raion,District,,Chutovskyi,chutivskyi,95.21,3.97,CHUTIVSKYI RAION,26960.0
240,UKR,Ukraine,18,Poltava,425,dykanskyi,UA.PL.DY,0,,Raion,District,,Dykanskyi,dykanskyi,95.31,3.87,DYKANSKYI RAION,22002.0
240,UKR,Ukraine,18,Poltava,426,hadiatskyi,UA.PL.HA,0,,Raion,District,,Gadyatskyi-Pol,hadiatskyi,96.86,2.75,HADIATSKYI RAION,63679.0
240,UKR,Ukraine,18,Poltava,427,hlobynskyi,UA.PL.HL,0,,Raion,District,,Globinskyi-Pol,hlobynskyi,95.89,3.39,HLOBYNSKYI RAION,58678.0
240,UKR,Ukraine,18,Poltava,428,hrebinkivskyi,UA.PL.HR,0,,Raion,District,,Grebinkivskyi,hrebinkivskyi,95.78,3.62,HREBINKIVSKYI RAION,26263.0
240,UKR,Ukraine,18,Poltava,429,karlivskyi,UA.PL.KA,0,,Raion,District,,Karlivskyi,karlivskyi,95.85,3.35,KARLIVSKYI RAION,41572.0
240,UKR,Ukraine,18,Poltava,430,khorolskyi,UA.PL.KH,0,,Raion,District,,Horolskyi,khorolskyi,97.26,2.46,KHOROLSKYI RAION,42105.0
240,UKR,Ukraine,18,Poltava,431,kobeliatskyi,UA.PL.KB,0,,Raion,District,,Kobelyatskyi,kobeliatskyi,95.97,3.3,KOBELIATSKYI RAION,54144.0
240,UKR,Ukraine,18,Poltava,432,komsomolska,UA.PL.KS,0,,Mis'ka Rada,Mis'ka Rada,,Komsomolsk-Pol,komsomolska,73.15,26.25,KOMSOMOLSK (miskrada),54585.0
240,UKR,Ukraine,18,Poltava,433,kotelevskyi,UA.PL.KT,0,,Raion,District,,Kotelvskyi,kotelevskyi,97.17,2.44,KOTELEVSKYI RAION,21614.0
240,UKR,Ukraine,18,Poltava,434,kozelshchynskyi,UA.PL.KZ,0,,Raion,District,,Kozelschynskyi,kozelshchynskyi,96.02,3.41,KOZELSHCHYNSKYI RAION,24954.0
240,UKR,Ukraine,18,Poltava,435,kremenchutska,UA.PL.KM,0,,Misto,City,,Kremenchug-Pol,kremenchutska,75.48,23.94,m. KREMENCHUK,232960.0
240,UKR,Ukraine,18,Poltava,436,kremenchutskyi,UA.PL.KR,0,,Raion,District,,Kremenchutskyi,kremenchutskyi,93.75,5.58,KREMENCHUTSKYI RAION,43975.0
240,UKR,Ukraine,18,Poltava,437,lokhvytskyi,UA.PL.LO,0,,Raion,District,,Lohvytskyi,lokhvytskyi,96.86,2.74,LOKHVYTSKYI RAION,51495.0
240,UKR,Ukraine,18,Poltava,438,lubenska,UA.PL.LM,0,,Misto,City,,,lubenska,91.06,8.61,m. LUBNY,52218.0
240,UKR,Ukraine,18,Poltava,439,lubenskyi,UA.PL.LR,0,,Raion,District,,Lubenskyi,lubenskyi,97.45,2.1,LUBENSKYI RAION,40128.0
240,UKR,Ukraine,18,Poltava,440,mashivskyi,UA.PL.MA,0,,Raion,District,,Mashivskyi,mashivskyi,95.35,3.92,MASHIVSKYI RAION,22947.0
240,UKR,Ukraine,18,Poltava,441,myrhorodskyi,UA.PL.MR,0,,Raion,District,,Myrgorodskyi,myrhorodskyi,97.48,2.32,MYRHORODSKYI RAION,41148.0
240,UKR,Ukraine,18,Poltava,442,novosanzharskyi,UA.PL.NO,0,,Raion,District,,Novosanzharskyi,novosanzharskyi,95.86,3.42,NOVOSANZHARSKYI RAION,39983.0
240,UKR,Ukraine,18,Poltava,443,orzhytskyi,UA.PL.OR,0,,Raion,District,,Orzhytskyi,orzhytskyi,97.45,2.06,ORZHYTSKYI RAION,29620.0
240,UKR,Ukraine,18,Poltava,444,poltavska,UA.PL.PM,0,,Misto,City,,Poltava,poltavska,85.39,14.06,m. POLTAVA,310755.0
240,UKR,Ukraine,18,Poltava,445,poltavskyi,UA.PL.PR,0,,Raion,District,,Poltavskyi,poltavskyi,93.81,5.74,POLTAVSKYI RAION,66704.0
240,UKR,Ukraine,18,Poltava,446,pyriatynskyi,UA.PL.PY,0,,Raion,District,,Piryatinskyi,pyriatynskyi,94.79,4.76,PYRIATYNSKYI RAION,36499.0
240,UKR,Ukraine,18,Poltava,447,reshetylivskyi,UA.PL.RE,0,,Raion,District,,Reshetylivskyi,reshetylivskyi,96.38,2.72,RESHETYLIVSKYI RAION,29702.0
240,UKR,Ukraine,18,Poltava,448,semenivskyi,UA.PL.SE,0,,Raion,District,,Semenivskyi,semenivskyi,97.26,2.15,SEMENIVSKYI RAION,32667.0
240,UKR,Ukraine,18,Poltava,448,semenivskyi,UA.PL.SE,0,,Raion,District,,Semenivskyi,semenivskyi,97.26,2.15,SEMENIVSKYI RAION,23465.0
240,UKR,Ukraine,18,Poltava,448,semenivskyi,UA.PL.SE,0,,Raion,District,,Semenivskyi,semenivskyi,80.37,19.39,SEMENIVSKYI RAION,32667.0
240,UKR,Ukraine,18,Poltava,448,semenivskyi,UA.PL.SE,0,,Raion,District,,Semenivskyi,semenivskyi,80.37,19.39,SEMENIVSKYI RAION,23465.0
240,UKR,Ukraine,18,Poltava,449,shyshatskyi,UA.PL.SH,0,,Raion,District,,Shyshatskyi,shyshatskyi,96.73,2.54,SHYSHATSKYI RAION,24040.0
240,UKR,Ukraine,18,Poltava,450,velykobahachanskyi,UA.PL.VE,0,,Raion,District,,Velykobagatskyi,velykobahachanskyi,96.74,2.77,VELYKOBAHACHANSKYI RAION,30064.0
240,UKR,Ukraine,18,Poltava,451,zinkivskyi,UA.PL.ZI,0,,Raion,District,,Zinkivskyi,zinkivskyi,96.97,2.28,ZINKIVSKYI RAION,42196.0
240,UKR,Ukraine,19,Rivne,452,bereznivskyi,UA.RV.BE,0,,Raion,District,,Bereznyatskyi,bereznivskyi,99.48,0.43,BEREZNIVSKYI RAION,63987.0
240,UKR,Ukraine,19,Rivne,453,demydivskyi,UA.RV.DE,0,,Raion,Raion,,Demydivskyi,demydivskyi,99.2,0.63,DEMYDIVSKYI RAION,16375.0
240,UKR,Ukraine,19,Rivne,454,dubenskyi,UA.RV.DB,0,,Raion,District,,Dubenskyi,dubenskyi,99.19,0.64,DUBENSKYI RAION,48704.0
240,UKR,Ukraine,19,Rivne,455,dubnivska,UA.RV.DU,0,,Misto,City,,Dubno,dubnivska,96.15,3.34,m. DUBNO,38707.0
240,UKR,Ukraine,19,Rivne,456,dubrovytskyi,UA.RV.DR,0,,Raion,District,,Dubrovytskyi,dubrovytskyi,98.92,0.65,DUBROVYTSKYI RAION,51437.0
240,UKR,Ukraine,19,Rivne,457,hoshchanskyi,UA.RV.HO,0,,Raion,District,,Goschanskyi,hoshchanskyi,99.08,0.75,HOSHCHANSKYI RAION,38861.0
240,UKR,Ukraine,19,Rivne,458,koretskyi,UA.RV.KR,0,,Raion,District,,Koretskyi,koretskyi,99.17,0.67,KORETSKYI RAION,39337.0
240,UKR,Ukraine,19,Rivne,459,kostopilskyi,UA.RV.KP,0,,Raion,District,,Kostopilskyi,kostopilskyi,98.45,1.37,KOSTOPILSKYI RAION,65603.0
240,UKR,Ukraine,19,Rivne,460,mlynivskyi,UA.RV.ML,0,,Raion,Raion,,Mlynivskyi,mlynivskyi,99.22,0.68,MLYNIVSKYI RAION,41756.0
240,UKR,Ukraine,19,Rivne,461,ostrozkyi,UA.RV.OR,0,,Raion,District,,Ostrozkyi-Riv,ostrozkyi,99.3,0.55,OSTROZKYI RAION,31265.0
240,UKR,Ukraine,19,Rivne,462,radyvylivskyi,UA.RV.RA,0,,Raion,District,,Radyvylivskyi,radyvylivskyi,99.11,0.74,RADYVYLIVSKYI RAION,40033.0
240,UKR,Ukraine,19,Rivne,463,rivnenska,UA.RV.RM,0,,Misto,City,,Rivne,rivnenska,92.08,7.48,m. RIVNE,245323.0
240,UKR,Ukraine,19,Rivne,464,rivnenskyi,UA.RV.RR,0,,Raion,District,,Rivnenskyi,rivnenskyi,98.28,1.52,RIVNENSKYI RAION,87091.0
240,UKR,Ukraine,19,Rivne,465,rokytnivskyi,UA.RV.RO,0,,Raion,District,,Rokytnyanskyi-Riv,rokytnivskyi,99.3,0.43,ROKYTNIVSKYI RAION,51926.0
240,UKR,Ukraine,19,Rivne,466,sarnenskyi,UA.RV.SA,0,,Raion,District,,Sarnenskyi,sarnenskyi,98.16,1.58,SARNENSKYI RAION,99739.0
240,UKR,Ukraine,19,Rivne,467,volodymyretskyi,UA.RV.VO,0,,Raion,District,,Volodymyretskyi,volodymyretskyi,99.25,0.62,VOLODYMYRETSKYI RAION,61981.0
240,UKR,Ukraine,19,Rivne,468,zarichnenskyi,UA.RV.ZA,0,,Raion,District,,Zarichnenskyi,zarichnenskyi,99.36,0.39,ZARICHNENSKYI RAION,36345.0
240,UKR,Ukraine,19,Rivne,469,zdolbunivskyi,UA.RV.ZD,0,,Raion,District,,Zdolbunivskyi,zdolbunivskyi,97.31,2.41,ZDOLBUNIVSKYI RAION,59007.0
240,UKR,Ukraine,20,Sevastopol',470,balaklavskyi,UA.SC.BA,0,,Raion,Raion,,Balaklavskiy,balaklavskyi,8.64,89.29,"BALAKLAVSKYI raion, m. SEVASTOPOL",9429.0
240,UKR,Ukraine,20,Sevastopol',471,haharinskyi,UA.SC.HA,0,,Raion,Raion,,Gagarinskiy,haharinskyi,6.27,91.56,"HAHARINSKYI raion, m. SEVASTOPOL",9429.0
240,UKR,Ukraine,20,Sevastopol',472,leninskyi,UA.SC.LE,0,,Raion,Raion,,Leninskiy,leninskyi,10.57,70.39,LENINSKYI RAION,69629.0
240,UKR,Ukraine,20,Sevastopol',472,leninskyi,UA.SC.LE,0,,Raion,Raion,,Leninskiy,leninskyi,5.95,91.52,"LENINSKYI raion, m. SEVASTOPOL",9429.0
240,UKR,Ukraine,20,Sevastopol',473,nakhimovskyi,UA.SC.NA,0,,Raion,Raion,,Nakhimovskiy,nakhimovskyi,6.80,91.7,"NAKHIMOVSKYI raion, m. SEVASTOPOL",9429.0
240,UKR,Ukraine,21,Sumy,474,bilopilskyi,UA.SM.BI,0,,Raion,District,,Bilopilskyi,bilopilskyi,93.83,5.35,BILOPILSKYI RAION,61064.0
240,UKR,Ukraine,21,Sumy,475,burynskyi,UA.SM.BU,0,,Raion,District,,Burynskyi,burynskyi,96.87,2.53,BURYNSKYI RAION,36933.0
240,UKR,Ukraine,21,Sumy,476,hlukhivskyi,UA.SM.HR,0,,Raion,District,,Gluhivskyi,hlukhivskyi,78.14,21.68,HLUKHIVSKYI RAION,32209.0
240,UKR,Ukraine,21,Sumy,477,iampilskyi,UA.SM.IA,0,,Raion,District,,Yampilskyi-Sum,iampilskyi,97.56,1.69,YAMPILSKYI RAION,47669.0
240,UKR,Ukraine,21,Sumy,477,iampilskyi,UA.SM.IA,0,,Raion,District,,Yampilskyi-Sum,iampilskyi,97.56,1.69,YAMPILSKYI RAION,30442.0
240,UKR,Ukraine,21,Sumy,477,iampilskyi,UA.SM.IA,0,,Raion,District,,Yampilskyi-Sum,iampilskyi,82.53,16.89,YAMPILSKYI RAION,47669.0
240,UKR,Ukraine,21,Sumy,477,iampilskyi,UA.SM.IA,0,,Raion,District,,Yampilskyi-Sum,iampilskyi,82.53,16.89,YAMPILSKYI RAION,30442.0
240,UKR,Ukraine,21,Sumy,478,konotopska,UA.SM.KM,0,,Mis'ka Rada,Mis'ka Rada,,,konotopska,86.41,12.96,KONOTOP (miskrada),96365.0
240,UKR,Ukraine,21,Sumy,479,konotopskyi,UA.SM.KR,0,,Raion,District,,Konotopskyi,konotopskyi,97.4,2.18,KONOTOPSKYI RAION,39567.0
240,UKR,Ukraine,21,Sumy,480,krasnopilskyi,UA.SM.KP,0,,Raion,District,,Krasnopilskyi,krasnopilskyi,93.03,6.49,KRASNOPILSKYI RAION,34113.0
240,UKR,Ukraine,21,Sumy,481,krolevetskyi,UA.SM.KV,0,,Raion,District,,Krolevetskyi,krolevetskyi,95.77,3.81,KROLEVETSKYI RAION,46752.0
240,UKR,Ukraine,21,Sumy,482,lebedynskyi,UA.SM.LR,0,,Raion,District,,Lebedynskyi,lebedynskyi,96.06,3.5,LEBEDYNSKYI RAION,27868.0
240,UKR,Ukraine,21,Sumy,483,lypovodolynskyi,UA.SM.LY,0,,Raion,District,,Lypovodolynskyi,lypovodolynskyi,97.73,1.85,LYPOVODOLYNSKYI RAION,23498.0
240,UKR,Ukraine,21,Sumy,484,nedryhailivskyi,UA.SM.NE,0,,Raion,District,,Nedrygaylivskyi,nedryhailivskyi,97.73,1.87,NEDRYHAILIVSKYI RAION,31321.0
240,UKR,Ukraine,21,Sumy,485,okhtyrska,UA.SM.OM,0,,Mis'ka Rada,Mis'ka Rada,,,okhtyrska,87.11,9.95,OKHTYRKA (miskrada),50036.0
240,UKR,Ukraine,21,Sumy,486,okhtyrskyi,UA.SM.OR,0,,Raion,Raion,,Ahtyrskyi-Sum,okhtyrskyi,96.22,3.26,OKHTYRSKYI RAION,31206.0
240,UKR,Ukraine,21,Sumy,487,putyvlskyi,UA.SM.PU,0,,Raion,District,,Putyvlskyi,putyvlskyi,38.68,61.02,PUTYVLSKYI RAION,34401.0
240,UKR,Ukraine,21,Sumy,488,romenska,UA.SM.RM,0,,Mis'ka Rada,Mis'ka Rada,,,romenska,93.98,5.67,ROMNY (miskrada),49935.0
240,UKR,Ukraine,21,Sumy,489,romenskyi,UA.SM.RR,0,,Raion,District,,Romenskyi,romenskyi,97.6,2.02,ROMENSKYI RAION,46328.0
240,UKR,Ukraine,21,Sumy,490,seredyno-budskyi,UA.SM.SE,0,,Raion,District,,Seredynobudskyi,seredyno-budskyi,20.75,79.11,SEREDYNO-BUDSKYI RAION,20955.0
240,UKR,Ukraine,21,Sumy,491,shostkinska,UA.SM.SK,0,,Misto,City,,,shostkinska,60.81,35.74,m. SHOSTKA,87200.0
240,UKR,Ukraine,21,Sumy,492,shostkinskyi,UA.SM.SH,0,,Raion,District,,Shostskyi,shostkinskyi,86.51,12.93,SHOSTKYNSKYI RAION,24749.0
240,UKR,Ukraine,21,Sumy,493,sumska,UA.SM.SM,0,,Mis'ka Rada,Mis'ka Rada,,Sumy,sumska,77.44,20.21,SUMY (miskrada),294852.0
240,UKR,Ukraine,21,Sumy,494,sumskyi,UA.SM.SR,0,,Raion,District,,Sumskyi,sumskyi,93.82,5.49,SUMSKYI RAION,62800.0
240,UKR,Ukraine,21,Sumy,495,trostianetskyi,UA.SM.TR,0,,Raion,District,,Trostyanetskyi,trostianetskyi,98.1,1.67,TROSTIANETSKYI RAION,42530.0
240,UKR,Ukraine,21,Sumy,495,trostianetskyi,UA.SM.TR,0,,Raion,District,,Trostyanetskyi,trostianetskyi,98.1,1.67,TROSTIANETSKYI RAION,42134.0
240,UKR,Ukraine,21,Sumy,495,trostianetskyi,UA.SM.TR,0,,Raion,District,,Trostyanetskyi,trostianetskyi,86.11,13.27,TROSTIANETSKYI RAION,42530.0
240,UKR,Ukraine,21,Sumy,495,trostianetskyi,UA.SM.TR,0,,Raion,District,,Trostyanetskyi,trostianetskyi,86.11,13.27,TROSTIANETSKYI RAION,42134.0
240,UKR,Ukraine,21,Sumy,496,velykopysarivskyi,UA.SM.VE,0,,Raion,District,,Velykopysarivskyi,velykopysarivskyi,72.63,26.98,VELYKOPYSARIVSKYI RAION,27222.0
240,UKR,Ukraine,22,Ternopil',497,berezhanskyi,UA.TP.BE,0,,Raion,District,,Berezhanskyi,berezhanskyi,99.26,0.64,BEREZHANSKYI RAION,44477.0
240,UKR,Ukraine,22,Ternopil',498,borshchivskyi,UA.TP.BO,0,,Raion,District,,Borschivskyi,borshchivskyi,99.15,0.65,BORSHCHIVSKYI RAION,75358.0
240,UKR,Ukraine,22,Ternopil',499,buchatskyi,UA.TP.BU,0,,Raion,District,,Buchachskyi,buchatskyi,99.62,0.27,BUCHATSKYI RAION,65078.0
240,UKR,Ukraine,22,Ternopil',500,chortkivskyi,UA.TP.CH,0,,Raion,District,,Chortkivskyi,chortkivskyi,98.27,1.53,CHORTKIVSKYI RAION,80861.0
240,UKR,Ukraine,22,Ternopil',501,husiatynskyi,UA.TP.HU,0,,Raion,District,,Gusyatynskyi,husiatynskyi,99.39,0.44,HUSIATYNSKYI RAION,66803.0
240,UKR,Ukraine,22,Ternopil',502,kozivskyi,UA.TP.KO,0,,Raion,District,,Kozovskyi,kozivskyi,99.64,0.28,KOZIVSKYI RAION,41841.0
240,UKR,Ukraine,22,Ternopil',503,kremenetskyi,UA.TP.KR,0,,Raion,District,,Kremenetskyi,kremenetskyi,98.69,1.11,KREMENETSKYI RAION,73190.0
240,UKR,Ukraine,22,Ternopil',504,lanovetskyi,UA.TP.LA,0,,Raion,Raion,,Lanivskyi,lanovetskyi,99.16,0.66,LANOVETSKYI RAION,33294.0
240,UKR,Ukraine,22,Ternopil',505,monastyryskyi,UA.TP.MO,0,,Raion,District,,Monastyryskyi,monastyryskyi,99.62,0.3,MONASTYRYSKYI RAION,34537.0
240,UKR,Ukraine,22,Ternopil',506,pidhaietskyi,UA.TP.PH,0,,Raion,District,,Pidgayskyi,pidhaietskyi,99.83,0.13,PIDHAIETSKYI RAION,22913.0
240,UKR,Ukraine,22,Ternopil',507,pidvolochyskyi,UA.TP.PV,0,,Raion,District,,Pidvolochinskyi,pidvolochyskyi,99.48,0.36,PIDVOLOCHYSKYI RAION,46309.0
240,UKR,Ukraine,22,Ternopil',508,shumskyi,UA.TP.SH,0,,Raion,District,,Shumskyi,shumskyi,99.44,0.47,SHUMSKYI RAION,36511.0
240,UKR,Ukraine,22,Ternopil',509,terebovlianskyi,UA.TP.TB,0,,Raion,District,,Terebovlskyi,terebovlianskyi,99.4,0.5,TEREBOVLIANSKYI RAION,70185.0
240,UKR,Ukraine,22,Ternopil',510,ternopilska,UA.TP.TM,0,,Misto,City,,Ternopil,ternopilska,94.8,3.37,m. TERNOPIL,226029.0
240,UKR,Ukraine,22,Ternopil',511,ternopilskyi,UA.TP.TR,0,,Raion,District,,Ternopilskyi,ternopilskyi,99.53,0.36,TERNOPILSKYI RAION,60810.0
240,UKR,Ukraine,22,Ternopil',512,zalishchytskyi,UA.TP.ZA,0,,Raion,District,,Zalischynskyi,zalishchytskyi,99.47,0.45,ZALISHCHYTSKYI RAION,52915.0
240,UKR,Ukraine,22,Ternopil',513,zbarazkyi,UA.TP.ZZ,0,,Raion,District,,Zbarazkyi,zbarazkyi,98.32,1.55,ZBARAZKYI RAION,60349.0
240,UKR,Ukraine,22,Ternopil',514,zborivskyi,UA.TP.ZV,0,,Raion,District,,Zborivskyi,zborivskyi,99.68,0.23,ZBORIVSKYI RAION,47040.0
240,UKR,Ukraine,23,Transcarpathia,515,berehivskyi,UA.ZK.BR,0,,Raion,District,,Beregovskyi,berehivskyi,18.83,0.75,BEREHIVSKYI RAION,54062.0
240,UKR,Ukraine,23,Transcarpathia,516,irshavskyi,UA.ZK.IR,0,,Raion,District,,Irshavskyi,irshavskyi,99.01,0.65,IRSHAVSKYI RAION,100905.0
240,UKR,Ukraine,23,Transcarpathia,517,khustskyi,UA.ZK.KR,0,,Raion,District,,Khustskyi,khustskyi,95.21,0.84,KHUSTSKYI RAION,96960.0
240,UKR,Ukraine,23,Transcarpathia,518,mizhhirskyi,UA.ZK.MI,0,,Raion,District,,Mizhgirskyi,mizhhirskyi,99.27,0.45,MIZHHIRSKYI RAION,49890.0
240,UKR,Ukraine,23,Transcarpathia,519,mukachivska,UA.ZK.MM,0,,Misto,City,,,mukachivska,77.63,10.72,m. MUKACHEVE,81637.0
240,UKR,Ukraine,23,Transcarpathia,520,mukachivskyi,UA.ZK.MR,0,,Raion,District,,Mukachevskyi,mukachivskyi,84.22,0.72,MUKACHIVSKYI RAION,101443.0
240,UKR,Ukraine,23,Transcarpathia,521,perechynskyi,UA.ZK.PE,0,,Raion,District,,Perechynskyi,perechynskyi,96.6,1.28,PERECHYNSKYI RAION,32026.0
240,UKR,Ukraine,23,Transcarpathia,522,rakhivskyi,UA.ZK.RA,0,,Raion,District,,Rahivskyi,rakhivskyi,84.63,0.89,RAKHIVSKYI RAION,90945.0
240,UKR,Ukraine,23,Transcarpathia,523,svaliavskyi,UA.ZK.SV,0,,Raion,District,,Svalyavskyi,svaliavskyi,97.28,1.58,SVALIAVSKYI RAION,54869.0
240,UKR,Ukraine,23,Transcarpathia,524,tiachivskyi,UA.ZK.TI,0,,Raion,District,,Tyachivskyi,tiachivskyi,83.52,1.06,TIACHIVSKYI RAION,171850.0
240,UKR,Ukraine,23,Transcarpathia,525,uzhhorodska,UA.ZK.UM,0,,Misto,City,,Uzhgorod,uzhhorodska,77.55,12.4,m. UZHHOROD,115568.0
240,UKR,Ukraine,23,Transcarpathia,526,uzhhorodskyi,UA.ZK.UR,0,,Raion,District,,Uzhgorodskyi,uzhhorodskyi,58.89,2.47,UZHHORODSKYI RAION,74399.0
240,UKR,Ukraine,23,Transcarpathia,527,velykobereznianskyi,UA.ZK.VE,0,,Raion,District,,Velykobereznyansk,velykobereznianskyi,98.98,0.63,VELYKOBEREZNIANSKYI RAION,28211.0
240,UKR,Ukraine,23,Transcarpathia,528,volovetskyi,UA.ZK.VO,0,,Raion,District,,Volovetskyi,volovetskyi,99.14,0.65,VOLOVETSKYI RAION,25474.0
240,UKR,Ukraine,23,Transcarpathia,529,vynohradivskyi,UA.ZK.VY,0,,Raion,District,,Vynogradivskyi,vynohradivskyi,71.98,1.28,VYNOHRADIVSKYI RAION,117957.0
240,UKR,Ukraine,24,Vinnytsya,530,barskyi,UA.VI.BA,0,,Raion,District,,Barskyi,barskyi,97.4,2.36,BARSKYI RAION,62239.0
240,UKR,Ukraine,24,Vinnytsya,531,bershadskyi,UA.VI.BE,0,,Raion,District,,Bershadskyi,bershadskyi,97.17,2.48,BERSHADSKYI RAION,71310.0
240,UKR,Ukraine,24,Vinnytsya,532,chechelnytskyi,UA.VI.CC,0,,Raion,District,,Chechelnyskyi,chechelnytskyi,98.53,1.17,CHECHELNYTSKYI RAION,27209.0
240,UKR,Ukraine,24,Vinnytsya,533,iampilskyi,UA.VI.IA,0,,Raion,District,,Yampilskyi-Vin,iampilskyi,97.56,1.69,YAMPILSKYI RAION,47669.0
240,UKR,Ukraine,24,Vinnytsya,533,iampilskyi,UA.VI.IA,0,,Raion,District,,Yampilskyi-Vin,iampilskyi,97.56,1.69,YAMPILSKYI RAION,30442.0
240,UKR,Ukraine,24,Vinnytsya,533,iampilskyi,UA.VI.IA,0,,Raion,District,,Yampilskyi-Vin,iampilskyi,82.53,16.89,YAMPILSKYI RAION,47669.0
240,UKR,Ukraine,24,Vinnytsya,533,iampilskyi,UA.VI.IA,0,,Raion,District,,Yampilskyi-Vin,iampilskyi,82.53,16.89,YAMPILSKYI RAION,30442.0
240,UKR,Ukraine,24,Vinnytsya,534,illinetskyi,UA.VI.IL,0,,Raion,District,,Illintsivskyi,illinetskyi,98.1,1.35,ILLINETSKYI RAION,42519.0
240,UKR,Ukraine,24,Vinnytsya,535,kalynivskyi,UA.VI.KA,0,,Raion,District,,Kalynivskyi,kalynivskyi,97.75,1.97,KALYNIVSKYI RAION,64936.0
240,UKR,Ukraine,24,Vinnytsya,536,khmilnytskyi,UA.VI.KH,0,,Raion,District,,Khmilnitskyi-Vin,khmilnytskyi,99.11,0.72,KHMILNYTSKYI RAION,44110.0
240,UKR,Ukraine,24,Vinnytsya,537,koziatynskyi,UA.VI.KR,0,,Raion,District,,Kozyatynskyi,koziatynskyi,98.33,1.25,KOZIATYNSKYI RAION,47788.0
240,UKR,Ukraine,24,Vinnytsya,538,kryzhopilskyi,UA.VI.KZ,0,,Raion,District,,Kryzhopilskyi,kryzhopilskyi,98.78,0.92,KRYZHOPILSKYI RAION,40870.0
240,UKR,Ukraine,24,Vinnytsya,539,ladyzhynska,UA.VI.LA,0,,Mis'ka Rada,Mis'ka Rada,,,ladyzhynska,88.35,11.25,LADYZHYN (miskrada),23419.0
240,UKR,Ukraine,24,Vinnytsya,540,litynskyi,UA.VI.LI,0,,Raion,District,,Litynskyi,litynskyi,98.5,1.35,LITYNSKYI RAION,42252.0
240,UKR,Ukraine,24,Vinnytsya,541,lypovetskyi,UA.VI.LY,0,,Raion,District,,Lypovetskyi,lypovetskyi,98.78,1.08,LYPOVETSKYI RAION,44194.0
240,UKR,Ukraine,24,Vinnytsya,542,mohyliv-podilska,UA.VI.MM,0,,Mis'ka Rada,Mis'ka Rada,,,mohyliv-podilska,92.31,7.01,MOHYLIV-PODILSKYI (miskrada),32513.0
240,UKR,Ukraine,24,Vinnytsya,543,mohyliv-podilskyi,UA.VI.MR,0,,Raion,District,,,mohyliv-podilskyi,98.19,1.55,MOHYLIV-PODILSKYI RAION,40206.0
240,UKR,Ukraine,24,Vinnytsya,544,murovano-kurylovetskyi,UA.VI.MU,0,,Raion,District,,MurovanoKurylovet,murovano-kurylovetskyi,98.76,1.05,MUROVANOKURYLOVETSKYI RAION,32791.0
240,UKR,Ukraine,24,Vinnytsya,545,nemyrivskyi,UA.VI.NE,0,,Raion,District,,Nemyrivskyi,nemyrivskyi,97.52,2.1,NEMYRIVSKYI RAION,58873.0
240,UKR,Ukraine,24,Vinnytsya,546,orativskyi,UA.VI.OR,0,,Raion,District,,Orativskyi,orativskyi,99.1,0.74,ORATIVSKYI RAION,27314.0
240,UKR,Ukraine,24,Vinnytsya,547,pishchanskyi,UA.VI.PI,0,,Raion,District,,Pischanskyi,pishchanskyi,97.62,1.6,PISHCHANSKYI RAION,25127.0
240,UKR,Ukraine,24,Vinnytsya,548,pohrebyshchenskyi,UA.VI.PO,0,,Raion,District,,Pogrebyschenskyi,pohrebyshchenskyi,98.79,1.06,POHREBYSHCHENSKYI RAION,37704.0
240,UKR,Ukraine,24,Vinnytsya,549,sharhorodskyi,UA.VI.SH,0,,Raion,District,,Shargorodskyi,sharhorodskyi,98.92,0.87,SHARHORODSKYI RAION,64767.0
240,UKR,Ukraine,24,Vinnytsya,550,teplytskyi,UA.VI.TE,0,,Raion,District,,Teplytskyi,teplytskyi,98.81,0.87,TEPLYTSKYI RAION,35258.0
240,UKR,Ukraine,24,Vinnytsya,551,tomashpilskyi,UA.VI.TO,0,,Raion,District,,Tomashpilskyi,tomashpilskyi,96.57,2.88,TOMASHPILSKYI RAION,40608.0
240,UKR,Ukraine,24,Vinnytsya,552,trostianetskyi,UA.VI.TR,0,,Raion,District,,Trostyanetskyi,trostianetskyi,98.1,1.67,TROSTIANETSKYI RAION,42530.0
240,UKR,Ukraine,24,Vinnytsya,552,trostianetskyi,UA.VI.TR,0,,Raion,District,,Trostyanetskyi,trostianetskyi,98.1,1.67,TROSTIANETSKYI RAION,42134.0
240,UKR,Ukraine,24,Vinnytsya,552,trostianetskyi,UA.VI.TR,0,,Raion,District,,Trostyanetskyi,trostianetskyi,86.11,13.27,TROSTIANETSKYI RAION,42530.0
240,UKR,Ukraine,24,Vinnytsya,552,trostianetskyi,UA.VI.TR,0,,Raion,District,,Trostyanetskyi,trostianetskyi,86.11,13.27,TROSTIANETSKYI RAION,42134.0
240,UKR,Ukraine,24,Vinnytsya,553,tulchynskyi,UA.VI.TU,0,,Raion,District,,Tulchynskyi,tulchynskyi,96.87,2.76,TULCHYNSKYI RAION,64927.0
240,UKR,Ukraine,24,Vinnytsya,554,tyvrivskyi,UA.VI.TY,0,,Raion,District,,Tyvrivskyi,tyvrivskyi,96.44,3.05,TYVRIVSKYI RAION,47805.0
240,UKR,Ukraine,24,Vinnytsya,555,vinnytska,UA.VI.VM,0,,Misto,City,,Vinnytsya,vinnytska,84.73,14.36,m. VINNYTSIA,354639.0
240,UKR,Ukraine,24,Vinnytsya,556,vinnytskyi,UA.VI.VR,0,,Raion,District,,Vinnytskyi,vinnytskyi,97.57,2.04,VINNYTSKYI RAION,73430.0
240,UKR,Ukraine,24,Vinnytsya,557,zhmerynska,UA.VI.ZM,0,,Misto,City,,,zhmerynska,90.81,8.51,m. ZHMERYNKA,37073.0
240,UKR,Ukraine,24,Vinnytsya,558,zhmerynskyi,UA.VI.ZR,0,,Raion,District,,Zhmerynskyi,zhmerynskyi,97.67,2.06,ZHMERYNSKYI RAION,44136.0
240,UKR,Ukraine,25,Volyn,559,horokhivskyi,UA.VO.HO,0,,Raion,District,,Gorohivskyi,horokhivskyi,99.17,0.63,HOROKHIVSKYI RAION,57133.0
240,UKR,Ukraine,25,Volyn,560,ivanychivskyi,UA.VO.IV,0,,Raion,District,,Ivanytskyi,ivanychivskyi,99.0,0.8,IVANYCHIVSKYI RAION,35995.0
240,UKR,Ukraine,25,Volyn,561,kamin-kashyrskyi,UA.VO.KA,0,,Raion,District,,KaminKashyrskyi,kamin-kashyrskyi,99.58,0.33,KAMIN-KASHYRSKYI RAION,62151.0
240,UKR,Ukraine,25,Volyn,562,kivertsivskyi,UA.VO.KI,0,,Raion,District,,Kiveretskyi,kivertsivskyi,98.58,1.23,KIVERTSIVSKYI RAION,65924.0
240,UKR,Ukraine,25,Volyn,563,kovelska,UA.VO.KM,0,,Misto,City,,,kovelska,95.77,3.93,m. KOVEL,65777.0
240,UKR,Ukraine,25,Volyn,564,kovelskyi,UA.VO.KR,0,,Raion,District,,Kovelskyi,kovelskyi,99.02,0.83,KOVELSKYI RAION,43340.0
240,UKR,Ukraine,25,Volyn,565,liubeshivskyi,UA.VO.LS,0,,Raion,District,,Lyubeshivskyi,liubeshivskyi,99.47,0.34,LIUBESHIVSKYI RAION,37124.0
240,UKR,Ukraine,25,Volyn,566,liubomlsky,UA.VO.LL,0,,Raion,Raion,,Lyubomlskyi,liubomlsky,99.11,0.76,LIUBOMLSKYI RAION,43198.0
240,UKR,Ukraine,25,Volyn,567,lokachynskyi,UA.VO.LO,0,,Raion,District,,Lokatskyi,lokachynskyi,99.37,0.51,LOKACHYNSKYI RAION,25386.0
240,UKR,Ukraine,25,Volyn,568,lutska,UA.VO.LM,0,,Misto,City,,Lutsk,lutska,92.87,6.79,m. LUTSK,205585.0
240,UKR,Ukraine,25,Volyn,569,lutskyi,UA.VO.LR,0,,Raion,District,,Lutskyi,lutskyi,98.84,1.01,LUTSKYI RAION,56231.0
240,UKR,Ukraine,25,Volyn,570,manevytskyi,UA.VO.MA,0,,Raion,District,,Manevytskyi,manevytskyi,99.33,0.55,MANEVYTSKYI RAION,57411.0
240,UKR,Ukraine,25,Volyn,571,novovolynska,UA.VO.NO,0,,Mis'ka Rada,Mis'ka Rada,,,novovolynska,94.37,5.22,NOVOVOLYNSK (miskrada),58558.0
240,UKR,Ukraine,25,Volyn,572,ratnivskyi,UA.VO.RA,0,,Raion,District,,Ratnenskyi,ratnivskyi,99.17,0.53,RATNIVSKYI RAION,52530.0
240,UKR,Ukraine,25,Volyn,573,rozhyshchenskyi,UA.VO.RO,0,,Raion,District,,Rozhyschenskyi,rozhyshchenskyi,99.03,0.83,ROZHYSHCHENSKYI RAION,42999.0
240,UKR,Ukraine,25,Volyn,574,shatskyi,UA.VO.SH,0,,Raion,District,,Shatskyi,shatskyi,98.73,0.89,SHATSKYI RAION,18213.0
240,UKR,Ukraine,25,Volyn,575,starovyzhivskyi,UA.VO.ST,0,,Raion,District,,Starovyzhivskyi,starovyzhivskyi,99.49,0.39,STAROVYZHIVSKYI RAION,34188.0
240,UKR,Ukraine,25,Volyn,576,turiiskyi,UA.VO.TU,0,,Raion,District,,Turiyskyi,turiiskyi,99.08,0.8,TURIISKYI RAION,29043.0
240,UKR,Ukraine,25,Volyn,577,volodymyr-volynskyi,UA.VO.VR,0,,Raion,District,,VolodymyrVolynsky,volodymyr-volynskyi,94.49,5.15,m. VOLODYMYR-VOLYNSKYI,37982.0
240,UKR,Ukraine,25,Volyn,577,volodymyr-volynskyi,UA.VO.VR,0,,Raion,District,,VolodymyrVolynsky,volodymyr-volynskyi,98.78,1.0,VOLODYMYR-VOLYNSKYI RAION,28446.0
240,UKR,Ukraine,26,Zaporizhzhya,578,berdianska,UA.ZP.BM,0,,Mis'ka Rada,Mis'ka Rada,,Berdyansk,berdianska,24.18,75.05,BERDIANSK (miskrada),125026.0
240,UKR,Ukraine,26,Zaporizhzhya,579,berdianskyi,UA.ZP.BR,0,,Raion,District,,Berdyanskyi,berdianskyi,68.52,27.75,BERDIANSKYI RAION,31697.0
240,UKR,Ukraine,26,Zaporizhzhya,580,chernihivskyi,UA.ZP.CH,0,,Raion,District,,Chernigivskyi-Zap,chernihivskyi,93.54,5.92,CHERNIHIVSKYI RAION,22201.0
240,UKR,Ukraine,26,Zaporizhzhya,580,chernihivskyi,UA.ZP.CH,0,,Raion,District,,Chernigivskyi-Zap,chernihivskyi,93.54,5.92,CHERNIHIVSKYI RAION,61463.0
240,UKR,Ukraine,26,Zaporizhzhya,580,chernihivskyi,UA.ZP.CH,0,,Raion,District,,Chernigivskyi-Zap,chernihivskyi,95.42,4.04,CHERNIHIVSKYI RAION,22201.0
240,UKR,Ukraine,26,Zaporizhzhya,580,chernihivskyi,UA.ZP.CH,0,,Raion,District,,Chernigivskyi-Zap,chernihivskyi,95.42,4.04,CHERNIHIVSKYI RAION,61463.0
240,UKR,Ukraine,26,Zaporizhzhya,581,enerhodarska,UA.ZP.EN,0,,Misto,City,,Enerhodar,enerhodarska,37.81,61.69,m. ENERHODAR,56180.0
240,UKR,Ukraine,26,Zaporizhzhya,582,huliaipilskyi,UA.ZP.HU,0,,Raion,District,,Gulyaypolskyi,huliaipilskyi,94.13,5.22,HULIAIPILSKYI RAION,34290.0
240,UKR,Ukraine,26,Zaporizhzhya,583,iakymivskyi,UA.ZP.IA,0,,Raion,District,,Yakymivskyi,iakymivskyi,42.52,55.11,YAKYMIVSKYI RAION,38071.0
240,UKR,Ukraine,26,Zaporizhzhya,584,kamiansko-dniprovskyi,UA.ZP.KA,0,,Raion,District,,KamyanskoDniprovs|KamyanskoDniprovsky,kamiansko-dniprovskyi,44.48,54.68,KAMIANSKO-DNIPROVSKYI RAION,45819.0
240,UKR,Ukraine,26,Zaporizhzhya,585,kuibyshevskyi,UA.ZP.KU,0,,Raion,District,,Kuybyshevskyi-Zap,kuibyshevskyi,89.12,10.15,KUIBYSHEVSKYI RAION,27600.0
240,UKR,Ukraine,26,Zaporizhzhya,586,melitopolska,UA.ZP.MM,0,,Misto,City,,Melitopol,melitopolska,20.42,78.14,m. MELITOPOL,160352.0
240,UKR,Ukraine,26,Zaporizhzhya,587,melitopolskyi,UA.ZP.MR,0,,Raion,District,,Melitopolskyi,melitopolskyi,39.35,58.24,MELITOPOLSKYI RAION,56326.0
240,UKR,Ukraine,26,Zaporizhzhya,588,mykhailivskyi,UA.ZP.MY,0,,Raion,District,,Myhalivskyi-Zap,mykhailivskyi,67.08,31.82,MYKHAILIVSKYI RAION,33079.0
240,UKR,Ukraine,26,Zaporizhzhya,589,novomykola‹vskyi,UA.ZP.NO,0,,Raion,District,,Novomykolaivskyi,novomykola‹vskyi,93.78,5.76,NOVOMYKOLAIVSKYI RAION,19580.0
240,UKR,Ukraine,26,Zaporizhzhya,590,orikhivskyi,UA.ZP.OR,0,,Raion,District,,Orihivskyi,orikhivskyi,91.37,8.17,ORIKHIVSKYI RAION,54462.0
240,UKR,Ukraine,26,Zaporizhzhya,591,polohivskyi,UA.ZP.PO,0,,Raion,District,,Polozkyi,polohivskyi,92.87,6.54,POLOHIVSKYI RAION,48043.0
240,UKR,Ukraine,26,Zaporizhzhya,592,pryazovskyi,UA.ZP.PZ,0,,Raion,District,,Pryazovskyi,pryazovskyi,37.36,53.31,PRYAZOVSKYI RAION,32931.0
240,UKR,Ukraine,26,Zaporizhzhya,593,prymorskyi,UA.ZP.PM,0,,Raion,District,,Prymorskyi-Zap,prymorskyi,32.47,55.18,PRYMORSKYI RAION,35284.0
240,UKR,Ukraine,26,Zaporizhzhya,594,rozivskyi,UA.ZP.RO,0,,Raion,District,,Rozivskyi-Zap,rozivskyi,82.43,16.95,ROZIVSKYI RAION,11997.0
240,UKR,Ukraine,26,Zaporizhzhya,595,tokmatska,UA.ZP.TM,0,,Misto,City,,,tokmatska,70.25,29.35,m. TOKMAK,36760.0
240,UKR,Ukraine,26,Zaporizhzhya,596,tokmatskyi,UA.ZP.TR,0,,Raion,District,,Tokmakskyi,tokmatskyi,79.93,19.47,TOKMATSKYI RAION,28486.0
240,UKR,Ukraine,26,Zaporizhzhya,597,vasylivskyi,UA.ZP.VA,0,,Raion,District,,Vasylivskyi-Zap,vasylivskyi,70.78,28.41,VASYLIVSKYI RAION,74864.0
240,UKR,Ukraine,26,Zaporizhzhya,598,velykobilozerskyi,UA.ZP.VB,0,,Raion,District,,Velykobilozerskyi,velykobilozerskyi,93.72,5.81,VELYKOBILOZERSKYI RAION,9363.0
240,UKR,Ukraine,26,Zaporizhzhya,599,veselivskyi,UA.ZP.VS,0,,Raion,District,,Veselivskyi,veselivskyi,70.52,28.15,VESELIVSKYI RAION,25656.0
240,UKR,Ukraine,26,Zaporizhzhya,600,vilnianskyi,UA.ZP.VI,0,,Raion,District,,Vilnyanskyi,vilnianskyi,84.72,14.7,VILNIANSKYI RAION,50689.0
240,UKR,Ukraine,26,Zaporizhzhya,601,zaporizka,UA.ZP.ZM,0,,Mis'ka Rada,Mis'ka Rada,,Zaporizhia,zaporizka,41.7,56.77,ZAPORIZHZHIA (miskrada),813250.0
240,UKR,Ukraine,26,Zaporizhzhya,602,zaporizkyi,UA.ZP.ZR,0,,Raion,District,,Zaporizkyi,zaporizkyi,83.85,15.43,ZAPORIZKYI RAION,54804.0
240,UKR,Ukraine,27,Zhytomyr,603,andrushivskyi,UA.ZT.AN,0,,Raion,District,,Andrushivskyi,andrushivskyi,97.66,2.03,ANDRUSHIVSKYI RAION,38769.0
240,UKR,Ukraine,27,Zhytomyr,604,baranivskyi,UA.ZT.BA,0,,Raion,District,,Baranivskyi,baranivskyi,98.48,1.3,BARANIVSKYI RAION,45964.0
240,UKR,Ukraine,27,Zhytomyr,605,berdychivska,UA.ZT.BM,0,,Misto,City,,,berdychivska,88.96,10.59,m. BERDYCHIV,87193.0
240,UKR,Ukraine,27,Zhytomyr,606,berdychivskyi,UA.ZT.BR,0,,Raion,District,,Berdychivskyi,berdychivskyi,98.04,1.75,BERDYCHIVSKYI RAION,34559.0
240,UKR,Ukraine,27,Zhytomyr,607,brusylivskyi,UA.ZT.BS,0,,Raion,District,,Brusylivskyi,brusylivskyi,96.99,2.68,BRUSYLIVSKYI RAION,18165.0
240,UKR,Ukraine,27,Zhytomyr,608,cherniakhivskyi,UA.ZT.CK,0,,Raion,District,,Chernyahivskyi,cherniakhivskyi,98.58,1.26,CHERNIAKHIVSKYI RAION,33668.0
240,UKR,Ukraine,27,Zhytomyr,609,chervonoarmiiskyi,UA.ZT.CA,0,,Raion,District,,Chervonoarmiyskyi,chervonoarmiiskyi,98.25,1.48,CHERVONOARMIISKYI RAION,25964.0
240,UKR,Ukraine,27,Zhytomyr,610,chudnivskyi,UA.ZT.CD,0,,Raion,District,,Chudnivskyi,chudnivskyi,97.8,1.99,CHUDNIVSKYI RAION,43248.0
240,UKR,Ukraine,27,Zhytomyr,611,iemilchynskyi,UA.ZT.IE,0,,Raion,District,,Yemilchenskyi,iemilchynskyi,98.39,1.51,YEMILCHYNSKYI RAION,42160.0
240,UKR,Ukraine,27,Zhytomyr,612,korostenska,UA.ZT.KM,0,,Misto,City,,,korostenska,86.69,12.73,m. KOROSTEN,66850.0
240,UKR,Ukraine,27,Zhytomyr,613,korostenskyi,UA.ZT.KR,0,,Raion,District,,Korostenskyi,korostenskyi,97.83,1.7,KOROSTENSKYI RAION,34297.0
240,UKR,Ukraine,27,Zhytomyr,614,korostyshivskyi,UA.ZT.KS,0,,Raion,Raion,,Korostyshivskyi,korostyshivskyi,94.75,4.89,KOROSTYSHIVSKYI RAION,43238.0
240,UKR,Ukraine,27,Zhytomyr,615,liubarskyi,UA.ZT.LI,0,,Raion,District,,Lyubarskyi,liubarskyi,98.77,1.06,LIUBARSKYI RAION,31154.0
240,UKR,Ukraine,27,Zhytomyr,616,luhynskyi,UA.ZT.LU,0,,Raion,District,,Lugynskyi,luhynskyi,98.3,1.41,LUHYNSKYI RAION,20858.0
240,UKR,Ukraine,27,Zhytomyr,617,malynskyi,UA.ZT.MA,0,,Raion,District,,Malynskyi,malynskyi,96.33,3.24,MALYNSKYI RAION,52147.0
240,UKR,Ukraine,27,Zhytomyr,618,narodytskyi,UA.ZT.NA,0,,Raion,District,,Narodytskyi,narodytskyi,97.1,1.83,NARODYTSKYI RAION,11395.0
240,UKR,Ukraine,27,Zhytomyr,619,novohrad-volynska,UA.ZT.NM,0,,Misto,City,,,novohrad-volynska,89.37,10.01,m. NOVOHRAD-VOLYNSKYI,56555.0
240,UKR,Ukraine,27,Zhytomyr,620,novohrad-volynskyi,UA.ZT.NR,0,,Raion,District,,NovogradVolynskyi,novohrad-volynskyi,98.51,1.35,NOVOHRAD-VOLYNSKYI RAION,52872.0
240,UKR,Ukraine,27,Zhytomyr,621,olevskyi,UA.ZT.OL,0,,Raion,District,,Olevskyi,olevskyi,98.23,1.32,OLEVSKYI RAION,47028.0
240,UKR,Ukraine,27,Zhytomyr,622,ovrutskyi,UA.ZT.OV,0,,Raion,District,,Ovrutskyi,ovrutskyi,95.88,3.52,OVRUTSKYI RAION,67876.0
240,UKR,Ukraine,27,Zhytomyr,623,popilnianskyi,UA.ZT.PO,0,,Raion,District,,Popilnyanskyi,popilnianskyi,97.33,2.08,POPILNIANSKYI RAION,37082.0
240,UKR,Ukraine,27,Zhytomyr,624,radomyshlskyi,UA.ZT.RA,0,,Raion,District,,Radomyshlskyi,radomyshlskyi,97.24,2.54,RADOMYSHLSKYI RAION,42259.0
240,UKR,Ukraine,27,Zhytomyr,625,romanivskyi,UA.ZT.RO,0,,Raion,District,,Romanivskyi-Zhy,,,,,
240,UKR,Ukraine,27,Zhytomyr,626,ruzhynskyi,UA.ZT.RU,0,,Raion,District,,Ruzhynskyi,ruzhynskyi,98.68,1.09,RUZHYNSKYI RAION,34372.0
240,UKR,Ukraine,27,Zhytomyr,627,volodarsko-volynskyi,UA.ZT.VO,0,,Raion,District,,VolodarskVolynsky,volodarsko-volynskyi,96.23,3.49,VOLODARSKO-VOLYNSKYI RAION,38616.0
240,UKR,Ukraine,27,Zhytomyr,628,zhytomyrska,UA.ZT.ZM,0,,Misto,City,,Zhytomyr,zhytomyrska,83.18,16.27,m. ZHYTOMYR,282823.0
240,UKR,Ukraine,27,Zhytomyr,629,zhytomyrskyi,UA.ZT.ZR,0,,Raion,District,,Zhytomyrskyi,zhytomyrskyi,93.55,6.11,ZHYTOMYRSKYI RAION,66922.0
