"OBJECTID","ID_0","ISO","NAME_0","ID_1","NAME_1","ID_2","NAME_2","HASC_2","CCN_2","CCA_2","TYPE_2","ENGTYPE_2","NL_NAME_2","VARNAME_2"
1,240,"UKR","Ukraine",1,"Cherkasy",1,"Cherkas'ka","UA.CK.CM",NA,"","Mis'ka Rada","Mis'ka Rada","",""
2,240,"UKR","Ukraine",1,"Cherkasy",2,"Cherkas'kyi","UA.CK.CR",NA,"","Raion","District","",""
3,240,"UKR","Ukraine",1,"Cherkasy",3,"Chornobaivs'kyi","UA.CK.CB",NA,"","Raion","District","","Chornobayivskyi"
4,240,"UKR","Ukraine",1,"Cherkasy",4,"Chyhyryns'kyi","UA.CK.CY",NA,"","Raion","District","",""
5,240,"UKR","Ukraine",1,"Cherkasy",5,"Drabivs'kyi","UA.CK.DR",NA,"","Raion","District","",""
6,240,"UKR","Ukraine",1,"Cherkasy",6,"Horodyshchens'kyi","UA.CK.HO",NA,"","Raion","District","","Gorodyschenskyi"
7,240,"UKR","Ukraine",1,"Cherkasy",7,"Kamians'kyi","UA.CK.KN",NA,"","Raion","District","",""
8,240,"UKR","Ukraine",1,"Cherkasy",8,"Kanivs'ka","UA.CK.KM",NA,"","Misto","City","",""
9,240,"UKR","Ukraine",1,"Cherkasy",9,"Kanivs'kyi","UA.CK.KR",NA,"","Raion","District","",""
10,240,"UKR","Ukraine",1,"Cherkasy",10,"Katerynopil's'kyi","UA.CK.KT",NA,"","Raion","District","",""
11,240,"UKR","Ukraine",1,"Cherkasy",11,"Khrystynivs'kyi","UA.CK.KH",NA,"","Raion","District","",""
12,240,"UKR","Ukraine",1,"Cherkasy",12,"Korsun'-Shevchenkivs'kyi","UA.CK.KO",NA,"","Raion","District","","KorsunShevchenkiv"
13,240,"UKR","Ukraine",1,"Cherkasy",13,"Lysians'kyi","UA.CK.LY",NA,"","Raion","District","",""
14,240,"UKR","Ukraine",1,"Cherkasy",14,"Man'kivs'kyi","UA.CK.MA",NA,"","Raion","District","","Mankivskyi"
15,240,"UKR","Ukraine",1,"Cherkasy",15,"Monastyryshchens'kyi","UA.CK.MO",NA,"","Raion","District","","Monastyryshchens'"
16,240,"UKR","Ukraine",1,"Cherkasy",16,"Shpolians'kyi","UA.CK.SH",NA,"","Raion","District","",""
17,240,"UKR","Ukraine",1,"Cherkasy",17,"Smilians'kyi","UA.CK.SR",NA,"","Raion","District","",""
18,240,"UKR","Ukraine",1,"Cherkasy",18,"Tal'nivs'kyi","UA.CK.TA",NA,"","Raion","District","",""
19,240,"UKR","Ukraine",1,"Cherkasy",19,"Umans'ka","UA.CK.UM",NA,"","Misto","City","",""
20,240,"UKR","Ukraine",1,"Cherkasy",20,"Umans'kyi","UA.CK.UR",NA,"","Raion","District","",""
21,240,"UKR","Ukraine",1,"Cherkasy",21,"Zhashkivs'kyi","UA.CK.ZH",NA,"","Raion","District","",""
22,240,"UKR","Ukraine",1,"Cherkasy",22,"Zolotonis'kyi","UA.CK.ZR",NA,"","Raion","District","",""
23,240,"UKR","Ukraine",1,"Cherkasy",23,"Zvenyhorods'kyi","UA.CK.ZV",NA,"","Raion","District","",""
24,240,"UKR","Ukraine",2,"Chernihiv",24,"Bakhmats'kyi","UA.CH.BA",NA,"","Raion","District","","Bahmatskyi"
25,240,"UKR","Ukraine",2,"Chernihiv",25,"Bobrovyts'kyi","UA.CH.BB",NA,"","Raion","District","","Bobrovytskyi"
26,240,"UKR","Ukraine",2,"Chernihiv",26,"Borznians'kyi","UA.CH.BZ",NA,"","Raion","District","","Borznyanskyi"
27,240,"UKR","Ukraine",2,"Chernihiv",27,"Chernihivs'ka","UA.CH.CM",NA,"","Misto","City","","Chernigiv"
28,240,"UKR","Ukraine",2,"Chernihiv",28,"Chernihivs'kyi","UA.CH.CR",NA,"","Raion","District","","Chernigivskyi"
29,240,"UKR","Ukraine",2,"Chernihiv",29,"Horodnians'kyi","UA.CH.HO",NA,"","Raion","District","","Gorodnyanskyi"
30,240,"UKR","Ukraine",2,"Chernihiv",30,"Ichnians'kyi","UA.CH.IC",NA,"","Raion","District","","Ichnyanskyi"
31,240,"UKR","Ukraine",2,"Chernihiv",31,"Koriukivs'kyi","UA.CH.KK",NA,"","Raion","District","","Koryukivskyi"
32,240,"UKR","Ukraine",2,"Chernihiv",32,"Korops'kyi","UA.CH.KP",NA,"","Raion","District","","Koropskyi"
33,240,"UKR","Ukraine",2,"Chernihiv",33,"Kozelets'kyi","UA.CH.KZ",NA,"","Raion","District","","Kozeletskyi"
34,240,"UKR","Ukraine",2,"Chernihiv",34,"Kulykivs'kyi","UA.CH.KU",NA,"","Raion","District","","Kulykivskyi"
35,240,"UKR","Ukraine",2,"Chernihiv",35,"Mens'kyi","UA.CH.ME",NA,"","Raion","District","","Menskyi"
36,240,"UKR","Ukraine",2,"Chernihiv",36,"Nizhyns'ka","UA.CH.NM",NA,"","Misto","City","",""
37,240,"UKR","Ukraine",2,"Chernihiv",37,"Nizhyns'kyi","UA.CH.NR",NA,"","Raion","District","","Nizhynskyi"
38,240,"UKR","Ukraine",2,"Chernihiv",38,"Nosivs'kyi","UA.CH.NO",NA,"","Raion","District","","Nosivskyi"
39,240,"UKR","Ukraine",2,"Chernihiv",39,"Novhorod-Sivers'kyi","UA.CH.NS",NA,"","Raion","District","","NovgorodSiverskyi"
40,240,"UKR","Ukraine",2,"Chernihiv",40,"Pryluts'ka","UA.CH.PM",NA,"","Misto","City","",""
41,240,"UKR","Ukraine",2,"Chernihiv",41,"Pryluts'kyi","UA.CH.PR",NA,"","Raion","District","","Prylutskyi"
42,240,"UKR","Ukraine",2,"Chernihiv",42,"Ripkyns'kyi","UA.CH.RI",NA,"","Raion","District","","Ripchanskyi"
43,240,"UKR","Ukraine",2,"Chernihiv",43,"Semenivs'kyi","UA.CH.SE",NA,"","Raion","District","","Semenivskyi"
44,240,"UKR","Ukraine",2,"Chernihiv",44,"Shchors'kyi","UA.CH.SH",NA,"","Raion","District","","Schorskyi"
45,240,"UKR","Ukraine",2,"Chernihiv",45,"Sosnyts'kyi","UA.CH.SO",NA,"","Raion","District","","Sosnytskyi"
46,240,"UKR","Ukraine",2,"Chernihiv",46,"Sribnians'kyi","UA.CH.SR",NA,"","Raion","District","","Sribnyanskyi"
47,240,"UKR","Ukraine",2,"Chernihiv",47,"Talala‹vs'kyi","UA.CH.TA",NA,"","Raion","District","","Talalayivskyi"
48,240,"UKR","Ukraine",2,"Chernihiv",48,"Varvyns'kyi","UA.CH.VA",NA,"","Raion","District","","Varvenskyi"
49,240,"UKR","Ukraine",3,"Chernivtsi",49,"Chernivets'ka","UA.CV.CH",NA,"","Misto","City","","Chernivtsi"
50,240,"UKR","Ukraine",3,"Chernivtsi",50,"Hlybots'kyi","UA.CV.HL",NA,"","Raion","District","",""
51,240,"UKR","Ukraine",3,"Chernivtsi",51,"Kel'menets'kyi","UA.CV.KE",NA,"","Raion","District","","Kelmenetskyi"
52,240,"UKR","Ukraine",3,"Chernivtsi",52,"Khotyns'kyi","UA.CV.KH",NA,"","Raion","District","","Khotynskyi"
53,240,"UKR","Ukraine",3,"Chernivtsi",53,"Kitsmans'kyi","UA.CV.KI",NA,"","Raion","District","","Kitsmanskyi"
54,240,"UKR","Ukraine",3,"Chernivtsi",54,"Novoselits'kyi","UA.CV.NS",NA,"","Raion","District","","Novoselytskyi"
55,240,"UKR","Ukraine",3,"Chernivtsi",55,"Putyl's'kyi","UA.CV.PU",NA,"","Raion","District","","Putylskyi"
56,240,"UKR","Ukraine",3,"Chernivtsi",56,"Sokyrians'kyi","UA.CV.SO",NA,"","Raion","District","","Sokyryanskyi"
57,240,"UKR","Ukraine",3,"Chernivtsi",57,"Storozhynets'kyi","UA.CV.ST",NA,"","Raion","District","","Storozhynetskyi"
58,240,"UKR","Ukraine",3,"Chernivtsi",58,"Vyzhnyts'kyi","UA.CV.VY",NA,"","Raion","District","","Vyzhnytskyi"
59,240,"UKR","Ukraine",3,"Chernivtsi",59,"Zastavnets'kyi","UA.CV.ZA",NA,"","Raion","District","","Zastavnenskyi"
60,240,"UKR","Ukraine",4,"Crimea",60,"Alushtyns'ka","UA.KR.AL",NA,"","Mis'ka Rada","Mis'ka Rada","","Alushta"
61,240,"UKR","Ukraine",4,"Crimea",61,"Bakhchysarais'kyi","UA.KR.BA",NA,"","Raion","District","","Baghchasaray"
62,240,"UKR","Ukraine",4,"Crimea",62,"Bilohirs'kyi","UA.KR.BI",NA,"","Raion","Raion","","Belogorskiy"
63,240,"UKR","Ukraine",4,"Crimea",63,"Chornomors'kyi","UA.KR.CH",NA,"","Raion","Raion","","Chornomorskiy"
64,240,"UKR","Ukraine",4,"Crimea",64,"Dzhankois'ka","UA.KR.DM",NA,"","Misto","City","","Dzhankoy"
65,240,"UKR","Ukraine",4,"Crimea",65,"Dzhankois'kyi","UA.KR.DR",NA,"","Raion","Raion","",""
66,240,"UKR","Ukraine",4,"Crimea",66,"Feodosiis'ka","UA.KR.FE",NA,"","Misto","City","","Feodosiya"
67,240,"UKR","Ukraine",4,"Crimea",67,"Ialtyns'ka","UA.KR.IA",NA,"","Misto","City","","Yalta"
68,240,"UKR","Ukraine",4,"Crimea",68,"Ievpatoriis'ka","UA.KR.IE",NA,"","Misto","City","",""
69,240,"UKR","Ukraine",4,"Crimea",69,"Kerchens'ka","UA.KR.KE",NA,"","Misto","City","","Kerch"
70,240,"UKR","Ukraine",4,"Crimea",70,"Kirovs'kyi","UA.KR.KI",NA,"","Raion","Raion","","Kirovskiy"
71,240,"UKR","Ukraine",4,"Crimea",71,"Krasnohvardiis'kyi","UA.KR.KH",NA,"","Raion","Raion","","Krasnohvardiyske"
72,240,"UKR","Ukraine",4,"Crimea",72,"Krasnoperekops'kyi","UA.KR.KR",NA,"","Raion","District","","Krasnoperekopsk"
73,240,"UKR","Ukraine",4,"Crimea",73,"Lenins'kyi","UA.KR.LE",NA,"","Raion","Raion","","Leninskiy"
74,240,"UKR","Ukraine",4,"Crimea",74,"Nyzhn'ohirs'kyi","UA.KR.NY",NA,"","Raion","Raion","","Nizhnegorskiy"
75,240,"UKR","Ukraine",4,"Crimea",75,"Pervomais'kyi","UA.KR.PE",NA,"","Raion","Raion","","Pervomaiskiy"
76,240,"UKR","Ukraine",4,"Crimea",76,"Rozdol'nens'kyi","UA.KR.RO",NA,"","Raion","Raion","","Rozdolnenskiy"
77,240,"UKR","Ukraine",4,"Crimea",77,"Saks'ka","UA.KR.SS",NA,"","Misto","City","","Saq-city"
78,240,"UKR","Ukraine",4,"Crimea",78,"Saks'kyi","UA.KR.SK",NA,"","Raion","District","","Saq"
79,240,"UKR","Ukraine",4,"Crimea",79,"Simferopol's'ka","UA.KR.SM",NA,"","Mis'ka Rada","Mis'ka Rada","","Simferopol city"
80,240,"UKR","Ukraine",4,"Crimea",80,"Simferopol's'kyi","UA.KR.SR",NA,"","Raion","District","","Simferopol"
81,240,"UKR","Ukraine",4,"Crimea",81,"Soviets'kyi","UA.KR.SO",NA,"","Raion","Raion","","Sovetskiy"
82,240,"UKR","Ukraine",4,"Crimea",82,"Sudats'ka","UA.KR.SU",NA,"","Misto","City","","Sudak"
83,240,"UKR","Ukraine",5,"Dnipropetrovs'k",83,"Apostolivs'kyi","UA.DP.AP",NA,"","Raion","District","","Apostolovskyi"
84,240,"UKR","Ukraine",5,"Dnipropetrovs'k",84,"Dniprodzerzhyns'ka","UA.DP.DD",NA,"","Mis'ka Rada","Mis'ka Rada","","Dniprodzerzhinsk"
85,240,"UKR","Ukraine",5,"Dnipropetrovs'k",85,"Dnipropetrovs'ka","UA.DP.DM",NA,"","Mis'ka Rada","Mis'ka Rada","","Dnipropetrovsk"
86,240,"UKR","Ukraine",5,"Dnipropetrovs'k",86,"Dnipropetrovs'kyi","UA.DP.DR",NA,"","Raion","District","","Dnipropetrovskyi"
87,240,"UKR","Ukraine",5,"Dnipropetrovs'k",87,"Iurïvs'kyi","UA.DP.IU",NA,"","Raion","District","","Yuriivskyi"
88,240,"UKR","Ukraine",5,"Dnipropetrovs'k",88,"Krynychans'kyi","UA.DP.KC",NA,"","Raion","District","","Krynychanskyi"
89,240,"UKR","Ukraine",5,"Dnipropetrovs'k",89,"Kryvoriz'kyi","UA.DP.KR",NA,"","Raion","District","","Kryvorizkyi"
90,240,"UKR","Ukraine",5,"Dnipropetrovs'k",90,"KryvyiRig","UA.DP.KM",NA,"","Misto","City","",""
91,240,"UKR","Ukraine",5,"Dnipropetrovs'k",91,"Mahdalynivs'kyi","UA.DP.MD",NA,"","Raion","District","","Magdalynivskyi"
92,240,"UKR","Ukraine",5,"Dnipropetrovs'k",92,"Marhanets'ka","UA.DP.MR",NA,"","Mis'ka Rada","Mis'ka Rada","","Marhanets"
93,240,"UKR","Ukraine",5,"Dnipropetrovs'k",93,"Mezhivs'kyi","UA.DP.ME",NA,"","Raion","District","","Mezhovyi"
94,240,"UKR","Ukraine",5,"Dnipropetrovs'k",94,"Nikopol's'ka","UA.DP.NP",NA,"","Misto","City","",""
95,240,"UKR","Ukraine",5,"Dnipropetrovs'k",95,"Nikopol's'kyi","UA.DP.NK",NA,"","Raion","District","","Nikopolskyi"
96,240,"UKR","Ukraine",5,"Dnipropetrovs'k",96,"Novomoskovs'ka","UA.DP.NM",NA,"","Misto","City","","Novomoskovsk"
97,240,"UKR","Ukraine",5,"Dnipropetrovs'k",97,"Novomoskovs'kyi","UA.DP.NV",NA,"","Raion","District","","Novomoskovskyi"
98,240,"UKR","Ukraine",5,"Dnipropetrovs'k",98,"Ordzhonikidzevs'ka","UA.DP.OR",NA,"","Misto","City","","Ordzhonikidze"
99,240,"UKR","Ukraine",5,"Dnipropetrovs'k",99,"Pavlograd","UA.DP.PM",NA,"","Misto","City","",""
100,240,"UKR","Ukraine",5,"Dnipropetrovs'k",100,"Pavlohrads'kyi","UA.DP.PR",NA,"","Raion","District","","Pavlogradskyi"
101,240,"UKR","Ukraine",5,"Dnipropetrovs'k",101,"Petropavlivs'kyi","UA.DP.PP",NA,"","Raion","District","","Petropavlivskyi"
102,240,"UKR","Ukraine",5,"Dnipropetrovs'k",102,"Petrykivs'kyi","UA.DP.PK",NA,"","Raion","District","","Petrykivskyi"
103,240,"UKR","Ukraine",5,"Dnipropetrovs'k",103,"Piatykhats'kyi","UA.DP.PI",NA,"","Raion","District","","Pyatyhatskyi"
104,240,"UKR","Ukraine",5,"Dnipropetrovs'k",104,"Pokrovs'kyi","UA.DP.PO",NA,"","Raion","District","","Pokrovskyi"
105,240,"UKR","Ukraine",5,"Dnipropetrovs'k",105,"Shyrokivs'kyi","UA.DP.SH",NA,"","Raion","District","","Shyrochanskyi"
106,240,"UKR","Ukraine",5,"Dnipropetrovs'k",106,"Sofi‹vs'kyi","UA.DP.SF",NA,"","Raion","District","","Sofiivskyi"
107,240,"UKR","Ukraine",5,"Dnipropetrovs'k",107,"Solonians'kyi","UA.DP.SL",NA,"","Raion","District","","Solonyanskyi"
108,240,"UKR","Ukraine",5,"Dnipropetrovs'k",108,"Synel'nykivs'ka","UA.DP.SM",NA,"","Misto","City","",""
109,240,"UKR","Ukraine",5,"Dnipropetrovs'k",109,"Synel'nykivs'kyi","UA.DP.SR",NA,"","Raion","District","","Synelnikivskyi"
110,240,"UKR","Ukraine",5,"Dnipropetrovs'k",110,"Tomakivs'kyi","UA.DP.TO",NA,"","Raion","District","","Tomakivskyi"
111,240,"UKR","Ukraine",5,"Dnipropetrovs'k",111,"Tsarychans'kyi","UA.DP.TS",NA,"","Raion","District","","Tsarychanskyi"
112,240,"UKR","Ukraine",5,"Dnipropetrovs'k",112,"Vasyl'kivs'kyi","UA.DP.VA",NA,"","Raion","District","","Vasylkivskyi"
113,240,"UKR","Ukraine",5,"Dnipropetrovs'k",113,"Verkhn'odniprovs'kyi","UA.DP.VE",NA,"","Raion","District","","Verhnyodniprovsky"
114,240,"UKR","Ukraine",5,"Dnipropetrovs'k",114,"Zhovtovods'ka","UA.DP.ZH",NA,"","Mis'ka Rada","Mis'ka Rada","","ZhovtiVody"
115,240,"UKR","Ukraine",6,"Donets'k",115,"Amvrosi‹vs'kyi","UA.DT.AS",NA,"","Raion","District","","Amvrosiivskyi"
116,240,"UKR","Ukraine",6,"Donets'k",116,"Artemivs'ka","UA.DT.AM",NA,"","Mis'ka Rada","Mis'ka Rada","",""
117,240,"UKR","Ukraine",6,"Donets'k",117,"Artemivs'kyi","UA.DT.AR",NA,"","Raion","District","","Artemivskyi"
118,240,"UKR","Ukraine",6,"Donets'k",118,"Dobropil's'ka","UA.DT.DM",NA,"","Mis'ka Rada","Mis'ka Rada","","Dobropillia"
119,240,"UKR","Ukraine",6,"Donets'k",119,"Dobropil's'kyi","UA.DT.DR",NA,"","Raion","District","","Dobropolskyi"
120,240,"UKR","Ukraine",6,"Donets'k",120,"Donets'ka","UA.DT.DN",NA,"","Mis'ka Rada","Mis'ka Rada","","Donetsk"
121,240,"UKR","Ukraine",6,"Donets'k",121,"Dzerzhyns'ka","UA.DT.DZ",NA,"","Mis'ka Rada","Mis'ka Rada","","Dzerzhinsk-Don"
122,240,"UKR","Ukraine",6,"Donets'k",122,"Horlivs'ka","UA.DT.HO",NA,"","Mis'ka Rada","Mis'ka Rada","","Gorlivka"
123,240,"UKR","Ukraine",6,"Donets'k",123,"Iasynuvats'ka","UA.DT.IM",NA,"","Misto","City","",""
124,240,"UKR","Ukraine",6,"Donets'k",124,"Iasynuvats'kyi","UA.DT.IR",NA,"","Raion","District","","Yasynuvatskyi"
125,240,"UKR","Ukraine",6,"Donets'k",125,"Ienakiievs'ka","UA.DT.IE",NA,"","Mis'ka Rada","Mis'ka Rada","","Yenakiyeve"
126,240,"UKR","Ukraine",6,"Donets'k",126,"Khartsyz'ka","UA.DT.KH",NA,"","Mis'ka Rada","Mis'ka Rada","","Khartsyzk"
127,240,"UKR","Ukraine",6,"Donets'k",127,"Kirovs'ka","UA.DT.KI",NA,"","Misto","City","","Kirovske"
128,240,"UKR","Ukraine",6,"Donets'k",128,"Kostiantynivs'ka","UA.DT.KT",NA,"","Misto","City","","Kostyantynivka"
129,240,"UKR","Ukraine",6,"Donets'k",129,"Kostiantynivs'kyi","UA.DT.KS",NA,"","Raion","District","","Kostyantynivskyi"
130,240,"UKR","Ukraine",6,"Donets'k",130,"Kramators'ka","UA.DT.KM",NA,"","Mis'ka Rada","Mis'ka Rada","","Kramatorsk"
131,240,"UKR","Ukraine",6,"Donets'k",131,"Krasnoarmiis'ka","UA.DT.KA",NA,"","Mis'ka Rada","Mis'ka Rada","",""
132,240,"UKR","Ukraine",6,"Donets'k",132,"Krasnoarmiis'kyi","UA.DT.KR",NA,"","Raion","District","","Krasnoarmeyskyi-D"
133,240,"UKR","Ukraine",6,"Donets'k",133,"Krasnolymans'ka","UA.DT.KY",NA,"","Mis'ka Rada","Mis'ka Rada","",""
134,240,"UKR","Ukraine",6,"Donets'k",134,"Krasnolymans'kyi","UA.DT.KL",NA,"","Raion","District","","Krasnolymanskyi"
135,240,"UKR","Ukraine",6,"Donets'k",135,"Maki‹vs'ka","UA.DT.MK",NA,"","Mis'ka Rada","Mis'ka Rada","","Makiivka"
136,240,"UKR","Ukraine",6,"Donets'k",136,"Mar‹ns'kyi","UA.DT.MN",NA,"","Raion","District","","Mariinskyi"
137,240,"UKR","Ukraine",6,"Donets'k",137,"Mariupol's'ka","UA.DT.MP",NA,"","Mis'ka Rada","Mis'ka Rada","","Mariupol"
138,240,"UKR","Ukraine",6,"Donets'k",138,"n.a. ( 181)","",NA,"","","","",""
139,240,"UKR","Ukraine",6,"Donets'k",139,"n.a. ( 319)","",NA,"","","","",""
140,240,"UKR","Ukraine",6,"Donets'k",140,"n.a. ( 384)","",NA,"","","","",""
141,240,"UKR","Ukraine",6,"Donets'k",141,"n.a. ( 394)","",NA,"","","","",""
142,240,"UKR","Ukraine",6,"Donets'k",142,"n.a. ( 488)","",NA,"","","","",""
143,240,"UKR","Ukraine",6,"Donets'k",143,"n.a. ( 493)","",NA,"","","","",""
144,240,"UKR","Ukraine",6,"Donets'k",144,"n.a. ( 511)","",NA,"","","","",""
145,240,"UKR","Ukraine",6,"Donets'k",145,"Novoazovs'kyi","UA.DT.NA",NA,"","Raion","District","","Novoazovskyi"
146,240,"UKR","Ukraine",6,"Donets'k",146,"Novohrodivs'ka","UA.DT.NH",NA,"","Misto","City","","Novohrodivka"
147,240,"UKR","Ukraine",6,"Donets'k",147,"Oleksandrivs'kyi","UA.DT.OL",NA,"","Raion","District","","Oleksandrivskyi"
148,240,"UKR","Ukraine",6,"Donets'k",148,"Pershotravnevyi","UA.DT.PE",NA,"","Raion","District","",""
149,240,"UKR","Ukraine",6,"Donets'k",149,"Selydovs'ka","UA.DT.SE",NA,"","Mis'ka Rada","Mis'ka Rada","","Selydove"
150,240,"UKR","Ukraine",6,"Donets'k",150,"Shakhtars'ka","UA.DT.SK",NA,"","Mis'ka Rada","Mis'ka Rada","","Shahtarsk-Don"
151,240,"UKR","Ukraine",6,"Donets'k",151,"Shakhtars'kyi","UA.DT.SH",NA,"","Raion","District","","Shahtarskyi-Don"
152,240,"UKR","Ukraine",6,"Donets'k",152,"Slovians'ka","UA.DT.SV",NA,"","Mis'ka Rada","Mis'ka Rada","","Sloviansk"
153,240,"UKR","Ukraine",6,"Donets'k",153,"Slovians'kyi","UA.DT.SL",NA,"","Raion","District","","Slovyanskyi-Don"
154,240,"UKR","Ukraine",6,"Donets'k",154,"Snizhnens'ka","UA.DT.SN",NA,"","Mis'ka Rada","Mis'ka Rada","","Snezhnoye"
155,240,"UKR","Ukraine",6,"Donets'k",155,"Starobeshivs'kyi","UA.DT.ST",NA,"","Raion","District","","Starobeshevskyi"
156,240,"UKR","Ukraine",6,"Donets'k",156,"Tel'manivs'kyi","UA.DT.TE",NA,"","Raion","District","","Telmanivskyi-Don"
157,240,"UKR","Ukraine",6,"Donets'k",157,"Torez'ka","UA.DT.TO",NA,"","Mis'ka Rada","Mis'ka Rada","","Torez-Don"
158,240,"UKR","Ukraine",6,"Donets'k",158,"Velykonovosilkivs'kyi","UA.DT.VE",NA,"","Raion","District","","Velykonovoselivsk"
159,240,"UKR","Ukraine",6,"Donets'k",159,"Volnovas'kyi","UA.DT.VV",NA,"","Raion","District","","Volnovaskyi"
160,240,"UKR","Ukraine",6,"Donets'k",160,"Volodars'kyi","UA.DT.VD",NA,"","Raion","District","","Volodarskyi"
161,240,"UKR","Ukraine",6,"Donets'k",161,"Vuhledars'ka","UA.DT.VU",NA,"","Misto","City","","Vuhledar"
162,240,"UKR","Ukraine",6,"Donets'k",162,"Zhdanivs'ka","UA.DT.ZH",NA,"","Mis'ka Rada","Mis'ka Rada","","Zhdanivka"
163,240,"UKR","Ukraine",7,"Ivano-Frankivs'k",163,"Bohorodchans'kyi","UA.IF.BH",NA,"","Raion","District","","Bogorodchanskyi"
164,240,"UKR","Ukraine",7,"Ivano-Frankivs'k",164,"Dolyns'kyi","UA.IF.DO",NA,"","Raion","District","","Dolynskyi-Ifr"
165,240,"UKR","Ukraine",7,"Ivano-Frankivs'k",165,"Halyts'kyi","UA.IF.HA",NA,"","Raion","District","","Galytskyi"
166,240,"UKR","Ukraine",7,"Ivano-Frankivs'k",166,"Horodenkivs'kyi","UA.IF.HO",NA,"","Raion","District","","Gorodenkivskyi"
167,240,"UKR","Ukraine",7,"Ivano-Frankivs'k",167,"Iaremchans'ka","UA.IF.IA",NA,"","Mis'ka Rada","Mis'ka Rada","","Yaremcha"
168,240,"UKR","Ukraine",7,"Ivano-Frankivs'k",168,"Ivano-Frankivs'ka","UA.IF.IV",NA,"","Mis'ka Rada","Mis'ka Rada","",""
169,240,"UKR","Ukraine",7,"Ivano-Frankivs'k",169,"Kalus'kyi","UA.IF.KL",NA,"","Raion","District","","Kaluskyi-Raion"
170,240,"UKR","Ukraine",7,"Ivano-Frankivs'k",170,"Kolomyis'kyi","UA.IF.KR",NA,"","Raion","District","","Kolomyyskyi"
171,240,"UKR","Ukraine",7,"Ivano-Frankivs'k",171,"Kosivs'kyi","UA.IF.KO",NA,"","Raion","District","","Kosivskyi"
172,240,"UKR","Ukraine",7,"Ivano-Frankivs'k",172,"Nadvirnians'kyi","UA.IF.NA",NA,"","Raion","District","","Nadvirnyanskyi"
173,240,"UKR","Ukraine",7,"Ivano-Frankivs'k",173,"Rohatyns'kyi","UA.IF.RH",NA,"","Raion","District","","Rogatynskyi"
174,240,"UKR","Ukraine",7,"Ivano-Frankivs'k",174,"Rozhniativs'kyi","UA.IF.RZ",NA,"","Raion","District","","Rozhnyativskyi"
175,240,"UKR","Ukraine",7,"Ivano-Frankivs'k",175,"Sniatyns'kyi","UA.IF.SN",NA,"","Raion","District","","Snyatynskyi"
176,240,"UKR","Ukraine",7,"Ivano-Frankivs'k",176,"Tlumats'kyi","UA.IF.TL",NA,"","Raion","District","","Tlumatskyi"
177,240,"UKR","Ukraine",7,"Ivano-Frankivs'k",177,"Tysmenyts'kyi","UA.IF.TY",NA,"","Raion","District","","Tysmenetskyi"
178,240,"UKR","Ukraine",7,"Ivano-Frankivs'k",178,"Verkhovyns'kyi","UA.IF.VE",NA,"","Raion","District","","Verhovynskyi"
179,240,"UKR","Ukraine",8,"Kharkiv",179,"Balakliis'kyi","UA.KK.BL",NA,"","Raion","District","","Balakliya"
180,240,"UKR","Ukraine",8,"Kharkiv",180,"Barvinkivs'kyi","UA.KK.BR",NA,"","Raion","District","","Barvenkove"
181,240,"UKR","Ukraine",8,"Kharkiv",181,"Blyzniukivs'kyi","UA.KK.BZ",NA,"","Raion","District","","Blyznyuky"
182,240,"UKR","Ukraine",8,"Kharkiv",182,"Bohodukhivs'kyi","UA.KK.BH",NA,"","Raion","District","","Bohodukhiv"
183,240,"UKR","Ukraine",8,"Kharkiv",183,"Borivs'kyi","UA.KK.BO",NA,"","Raion","Raion","",""
184,240,"UKR","Ukraine",8,"Kharkiv",184,"Chuhu‹vs'ka","UA.KK.CM",NA,"","Mis'ka Rada","Mis'ka Rada","",""
185,240,"UKR","Ukraine",8,"Kharkiv",185,"Chuhu‹vs'kyi","UA.KK.CR",NA,"","Raion","District","","Chihuyiv"
186,240,"UKR","Ukraine",8,"Kharkiv",186,"Derhachivs'kyi","UA.KK.DE",NA,"","Raion","District","","Derhachi"
187,240,"UKR","Ukraine",8,"Kharkiv",187,"Dvorichans'kyi","UA.KK.DV",NA,"","Raion","District","","Dvuricha"
188,240,"UKR","Ukraine",8,"Kharkiv",188,"Iziums'ka","UA.KK.IM",NA,"","Misto","City","",""
189,240,"UKR","Ukraine",8,"Kharkiv",189,"Iziums'kyi","UA.KK.IR",NA,"","Raion","District","","Izyum"
190,240,"UKR","Ukraine",8,"Kharkiv",190,"Kehychivs'kyi","UA.KK.KE",NA,"","Raion","District","","Kehichivka"
191,240,"UKR","Ukraine",8,"Kharkiv",191,"Kharkivs'ka","UA.KK.KM",NA,"","Mis'ka Rada","Mis'ka Rada","",""
192,240,"UKR","Ukraine",8,"Kharkiv",192,"Kharkivs'kyi","UA.KK.KR",NA,"","Raion","District","","Kharkivsky"
193,240,"UKR","Ukraine",8,"Kharkiv",193,"Krasnohrads'kyi","UA.KK.KH",NA,"","Raion","District","","Kkasnohrad"
194,240,"UKR","Ukraine",8,"Kharkiv",194,"Krasnokuts'kyi","UA.KK.KK",NA,"","Raion","District","","Krasnokutsk"
195,240,"UKR","Ukraine",8,"Kharkiv",195,"Kupians'ka","UA.KK.KP",NA,"","Mis'ka Rada","Mis'ka Rada","",""
196,240,"UKR","Ukraine",8,"Kharkiv",196,"Kupians'kyi","UA.KK.KU",NA,"","Raion","District","","Kup'yansk"
197,240,"UKR","Ukraine",8,"Kharkiv",197,"Lozivs'ka","UA.KK.LM",NA,"","Mis'ka Rada","Mis'ka Rada","",""
198,240,"UKR","Ukraine",8,"Kharkiv",198,"Lozivs'kyi","UA.KK.LR",NA,"","Raion","District","","Lozova"
199,240,"UKR","Ukraine",8,"Kharkiv",199,"n.a. ( 180)","",NA,"","","","",""
200,240,"UKR","Ukraine",8,"Kharkiv",200,"Novovodolaz'kyi","UA.KK.NO",NA,"","Raion","District","","Nova Vodolaha"
201,240,"UKR","Ukraine",8,"Kharkiv",201,"Pecheniz'kyi","UA.KK.PC",NA,"","Raion","District","","Pechenizkyi"
202,240,"UKR","Ukraine",8,"Kharkiv",202,"Pervomais'kyi","UA.KK.PR",NA,"","Raion","District","","Pervomaisk"
203,240,"UKR","Ukraine",8,"Kharkiv",203,"Sakhnovshchyns'kyi","UA.KK.SA",NA,"","Raion","District","","Sakhnovschyna"
204,240,"UKR","Ukraine",8,"Kharkiv",204,"Shevchenkivs'kyi","UA.KK.SH",NA,"","Raion","District","","Shevchenkove"
205,240,"UKR","Ukraine",8,"Kharkiv",205,"Valkivs'kyi","UA.KK.VA",NA,"","Raion","District","","Valky"
206,240,"UKR","Ukraine",8,"Kharkiv",206,"Velykoburluts'kyi","UA.KK.VE",NA,"","Raion","District","","Velykyburluk"
207,240,"UKR","Ukraine",8,"Kharkiv",207,"Vovchans'kyi","UA.KK.VO",NA,"","Raion","District","","Vovchansk"
208,240,"UKR","Ukraine",8,"Kharkiv",208,"Zachepylivs'kyi","UA.KK.ZA",NA,"","Raion","District","","Zachepylivka"
209,240,"UKR","Ukraine",8,"Kharkiv",209,"Zmiïvs'kyi","UA.KK.ZM",NA,"","Raion","District","","Zmiyiv"
210,240,"UKR","Ukraine",8,"Kharkiv",210,"Zolochivs'kyi","UA.KK.ZO",NA,"","Raion","District","","Zolochiv"
211,240,"UKR","Ukraine",9,"Kherson",211,"Beryslavs'kyi","UA.KS.BE",NA,"","Raion","District","","Beryslavskyi"
212,240,"UKR","Ukraine",9,"Kherson",212,"Bilozers'kyi","UA.KS.BI",NA,"","Raion","District","","Bilozerskyi"
213,240,"UKR","Ukraine",9,"Kherson",213,"Chaplyns'kyi","UA.KS.CH",NA,"","Raion","District","","Chaplynskyi"
214,240,"UKR","Ukraine",9,"Kherson",214,"Heniches'kyi","UA.KS.HE",NA,"","Raion","District","","Genicheskyi"
215,240,"UKR","Ukraine",9,"Kherson",215,"Holoprystans'kyi","UA.KS.HL",NA,"","Raion","District","","Goloprystanskyi"
216,240,"UKR","Ukraine",9,"Kherson",216,"Hornosta‹vs'kyi","UA.KS.HR",NA,"","Raion","District","","Gornostaivskyi"
217,240,"UKR","Ukraine",9,"Kherson",217,"Ivanivs'kyi","UA.KS.IV",NA,"","Raion","District","","Ivanivskyi-Her"
218,240,"UKR","Ukraine",9,"Kherson",218,"Kakhovs'kyi","UA.KS.KR",NA,"","Raion","District","","Kahovskyi"
219,240,"UKR","Ukraine",9,"Kherson",219,"Kalanchats'kyi","UA.KS.KC",NA,"","Raion","District","","Kalanchatskyi"
220,240,"UKR","Ukraine",9,"Kherson",220,"Khersons'ka","UA.KS.KH",NA,"","Mis'ka Rada","Mis'ka Rada","","Kherson"
221,240,"UKR","Ukraine",9,"Kherson",221,"Novokahovs'ka","UA.KS.NK",NA,"","Mis'ka Rada","Mis'ka Rada","","NovaKakhovka"
222,240,"UKR","Ukraine",9,"Kherson",222,"Novotro‹ts'kyi","UA.KS.NT",NA,"","Raion","District","","Novotroitskyi"
223,240,"UKR","Ukraine",9,"Kherson",223,"Novovorontsovs'kyi","UA.KS.NV",NA,"","Raion","District","","Novovorontsovskyi"
224,240,"UKR","Ukraine",9,"Kherson",224,"Nyzhn'osirohoz'kyi","UA.KS.NY",NA,"","Raion","District","","Nyzhnyosirogizkyi"
225,240,"UKR","Ukraine",9,"Kherson",225,"Skadovs'kyi","UA.KS.SK",NA,"","Raion","District","","Skadovskyi"
226,240,"UKR","Ukraine",9,"Kherson",226,"Tsiurupyns'kyi","UA.KS.TS",NA,"","Raion","District","","Tsyurupinskyi"
227,240,"UKR","Ukraine",9,"Kherson",227,"Velykolepetys'kyi","UA.KS.VL",NA,"","Raion","District","","Velykolepetynskyi"
228,240,"UKR","Ukraine",9,"Kherson",228,"Velykooleksandrivs'kyi","UA.KS.VO",NA,"","Raion","District","","Velykooleksandriv"
229,240,"UKR","Ukraine",9,"Kherson",229,"Verkhn'orohachyts'kyi","UA.KS.VR",NA,"","Raion","District","","Verhnyerogachytsk"
230,240,"UKR","Ukraine",9,"Kherson",230,"Vysokopil's'kyi","UA.KS.VY",NA,"","Raion","District","","Vysokopilskyi"
231,240,"UKR","Ukraine",10,"Khmel'nyts'kyy",231,"Bilohirs'kyi","UA.KM.BI",NA,"","Raion","District","","Bilogirskyi"
232,240,"UKR","Ukraine",10,"Khmel'nyts'kyy",232,"Chemerovets'kyi","UA.KM.CH",NA,"","Raion","District","","Chemerivskyi"
233,240,"UKR","Ukraine",10,"Khmel'nyts'kyy",233,"Derazhnians'kyi","UA.KM.DE",NA,"","Raion","District","","Derazhnyanskyi"
234,240,"UKR","Ukraine",10,"Khmel'nyts'kyy",234,"Dunaievets'kyi","UA.KM.DU",NA,"","Raion","District","","Dunayivskyi"
235,240,"UKR","Ukraine",10,"Khmel'nyts'kyy",235,"Horodots'kyi","UA.KM.HO",NA,"","Raion","District","","Gorodotskyi-Khm"
236,240,"UKR","Ukraine",10,"Khmel'nyts'kyy",236,"Iarmolynets'kyi","UA.KM.IA",NA,"","Raion","District","","Yarmolynetskyi"
237,240,"UKR","Ukraine",10,"Khmel'nyts'kyy",237,"Iziaslavs'kyi","UA.KM.IZ",NA,"","Raion","District","","Izyaslavskyi"
238,240,"UKR","Ukraine",10,"Khmel'nyts'kyy",238,"Kamianets'-Podil's'ka","UA.KM.KA",NA,"","Misto","City","",""
239,240,"UKR","Ukraine",10,"Khmel'nyts'kyy",239,"Kamianets'-Podil's'kyi","UA.KM.KP",NA,"","Raion","District","","KamyanetsPodilsky"
240,240,"UKR","Ukraine",10,"Khmel'nyts'kyy",240,"Khmel'nyts'ka","UA.KM.KM",NA,"","Misto","City","","Khmelnytskyi-Cit"
241,240,"UKR","Ukraine",10,"Khmel'nyts'kyy",241,"Khmel'nyts'kyi","UA.KM.KR",NA,"","Raion","District","","Khmelnytskyi"
242,240,"UKR","Ukraine",10,"Khmel'nyts'kyy",242,"Krasylivs'kyi","UA.KM.KL",NA,"","Raion","District","","Krasylivskyi"
243,240,"UKR","Ukraine",10,"Khmel'nyts'kyy",243,"Letychivs'kyi","UA.KM.LE",NA,"","Raion","District","","Letychivskyi"
244,240,"UKR","Ukraine",10,"Khmel'nyts'kyy",244,"Novoushyts'kyi","UA.KM.NO",NA,"","Raion","District","","Novoushytskyi"
245,240,"UKR","Ukraine",10,"Khmel'nyts'kyy",245,"Polons'kyi","UA.KM.PO",NA,"","Raion","District","","Polonyanskyi"
246,240,"UKR","Ukraine",10,"Khmel'nyts'kyy",246,"Shepetivs'ka","UA.KM.SP",NA,"","Misto","City","",""
247,240,"UKR","Ukraine",10,"Khmel'nyts'kyy",247,"Shepetivs'kyi","UA.KM.SH",NA,"","Raion","District","","Shepetivskyi"
248,240,"UKR","Ukraine",10,"Khmel'nyts'kyy",248,"Slavuts'kyi","UA.KM.SL",NA,"","Raion","District","","Slavutytskyi"
249,240,"UKR","Ukraine",10,"Khmel'nyts'kyy",249,"Starokostiantynivs'kyi","UA.KM.SK",NA,"","Raion","District","","Starokostyantyniv"
250,240,"UKR","Ukraine",10,"Khmel'nyts'kyy",250,"Starosyniavs'kyi","UA.KM.SS",NA,"","Raion","District","","Starosynyavskyi"
251,240,"UKR","Ukraine",10,"Khmel'nyts'kyy",251,"Teofipol's'kyi","UA.KM.TE",NA,"","Raion","District","","Teofipolskyi"
252,240,"UKR","Ukraine",10,"Khmel'nyts'kyy",252,"Vin'kovets'kyi","UA.KM.VI",NA,"","Raion","District","","Vinkivskyi"
253,240,"UKR","Ukraine",10,"Khmel'nyts'kyy",253,"Volochys'kyi","UA.KM.VO",NA,"","Raion","District","","Volochyskyi"
254,240,"UKR","Ukraine",11,"Kiev City",254,"Darnyts'kyi","UA.KC.DA",NA,"","Raion","Raion","","Darnytskyi"
255,240,"UKR","Ukraine",11,"Kiev City",255,"Desnians'kyi","UA.KC.DE",NA,"","Raion","Raion","","Desnianskyi"
256,240,"UKR","Ukraine",11,"Kiev City",256,"Dniprovs'kyi","UA.KC.DN",NA,"","Raion","Raion","","Dniprovskyi"
257,240,"UKR","Ukraine",11,"Kiev City",257,"Holosiïvs'kyi","UA.KC.HO",NA,"","Raion","Raion","","Holosiivskyi"
258,240,"UKR","Ukraine",11,"Kiev City",258,"Obolons'kyi","UA.KC.OB",NA,"","Raion","Raion","","Obolonskyi"
259,240,"UKR","Ukraine",11,"Kiev City",259,"Pechers'kyi","UA.KC.PE",NA,"","Raion","Raion","","Pecherskyi"
260,240,"UKR","Ukraine",11,"Kiev City",260,"Podil's'kyi","UA.KC.PO",NA,"","Raion","Raion","","Podilskyi"
261,240,"UKR","Ukraine",11,"Kiev City",261,"Shevchenkivs'kyi","UA.KC.SH",NA,"","Raion","Raion","","Shevchenkivskyi"
262,240,"UKR","Ukraine",11,"Kiev City",262,"Solomians'kyi","UA.KC.SO",NA,"","Raion","Raion","","Solomianskyi"
263,240,"UKR","Ukraine",11,"Kiev City",263,"Sviatoshyns'kyi","UA.KC.SV",NA,"","Raion","Raion","","Sviatoshynskyi"
264,240,"UKR","Ukraine",12,"Kiev",264,"Baryshivs'kyi","UA.KV.BA",NA,"","Raion","District","","Baryshivskyi"
265,240,"UKR","Ukraine",12,"Kiev",265,"Bilotserkivs'ka","UA.KV.BT",NA,"","Misto","City","","BilaTserkva"
266,240,"UKR","Ukraine",12,"Kiev",266,"Bilotserkivs'kyi","UA.KV.BI",NA,"","Raion","District","","Bilotserkovskyi"
267,240,"UKR","Ukraine",12,"Kiev",267,"Bohuslavs'kyi","UA.KV.BH",NA,"","Raion","District","","Boguslavskyi"
268,240,"UKR","Ukraine",12,"Kiev",268,"Borodians'kyi","UA.KV.BD",NA,"","Raion","District","","Borodyanskyi"
269,240,"UKR","Ukraine",12,"Kiev",269,"Boryspil's'ka","UA.KV.BS",NA,"","Mis'ka Rada","Mis'ka Rada","","Boryspilskyi"
270,240,"UKR","Ukraine",12,"Kiev",270,"Brovars'ka","UA.KV.BO",NA,"","Misto","City","",""
271,240,"UKR","Ukraine",12,"Kiev",271,"Brovars'kyi","UA.KV.BV",NA,"","Raion","District","","Brovarskyi"
272,240,"UKR","Ukraine",12,"Kiev",272,"Fastivs'ka","UA.KV.FM",NA,"","Misto","City","",""
273,240,"UKR","Ukraine",12,"Kiev",273,"Fastivs'kyi","UA.KV.FR",NA,"","Raion","District","","Fastivskyi"
274,240,"UKR","Ukraine",12,"Kiev",274,"Iahotyns'kyi","UA.KV.IA",NA,"","Raion","District","","Yagotynskyi"
275,240,"UKR","Ukraine",12,"Kiev",275,"Irpins'ka","UA.KV.IR",NA,"","Mis'ka Rada","Mis'ka Rada","","Irpin"
276,240,"UKR","Ukraine",12,"Kiev",276,"Ivankivs'kyi","UA.KV.IV",NA,"","Raion","District","","Ivankivskyi"
277,240,"UKR","Ukraine",12,"Kiev",277,"Kaharlyts'kyi","UA.KV.KA",NA,"","Raion","District","","Kagarlytskyi"
278,240,"UKR","Ukraine",12,"Kiev",278,"Kyievo-Sviatoshyns'kyi","UA.KV.KY",NA,"","Raion","District","","KyevoSvyatoshynsk"
279,240,"UKR","Ukraine",12,"Kiev",279,"Makarivs'kyi","UA.KV.MA",NA,"","Raion","District","","Makarivskyi"
280,240,"UKR","Ukraine",12,"Kiev",280,"Myronivs'kyi","UA.KV.MY",NA,"","Raion","District","","Myronivskyi"
281,240,"UKR","Ukraine",12,"Kiev",281,"Obukhivs'kyi","UA.KV.OB",NA,"","Raion","District","","Obuhivskyi"
282,240,"UKR","Ukraine",12,"Kiev",282,"Pereiaslav-Khmel'nyts'ka","UA.KV.PM",NA,"","Misto","City","",""
283,240,"UKR","Ukraine",12,"Kiev",283,"Pereiaslav-Khmel'nyts'kyi","UA.KV.PR",NA,"","Raion","District","","PereyaslavHmelnyt"
284,240,"UKR","Ukraine",12,"Kiev",284,"Polis'kyi","UA.KV.PO",NA,"","Raion","District","","Poliskyi-Kyi"
285,240,"UKR","Ukraine",12,"Kiev",285,"Rokytnians'kyi","UA.KV.RO",NA,"","Raion","District","","Rokytnyanskyi"
286,240,"UKR","Ukraine",12,"Kiev",286,"Skvyrs'kyi","UA.KV.SK",NA,"","Raion","District","","Skvyrskyi"
287,240,"UKR","Ukraine",12,"Kiev",287,"Stavyshchens'kyi","UA.KV.ST",NA,"","Raion","District","","Stavyschenskyi"
288,240,"UKR","Ukraine",12,"Kiev",288,"Tarashchans'kyi","UA.KV.TA",NA,"","Raion","District","","Taraschanskyi"
289,240,"UKR","Ukraine",12,"Kiev",289,"Tetiïvs'kyi","UA.KV.TE",NA,"","Raion","District","","Tetiivskyi"
290,240,"UKR","Ukraine",12,"Kiev",290,"Vasyl'kivs'kyi","UA.KV.VR",NA,"","Raion","District","","Vasylkivskyi"
291,240,"UKR","Ukraine",12,"Kiev",291,"Volodars'kyi","UA.KV.VO",NA,"","Raion","District","","Volodarskyi-Kyi"
292,240,"UKR","Ukraine",12,"Kiev",292,"Vyshhorods'kyi","UA.KV.VY",NA,"","Raion","District","","Vyshgorodskyi"
293,240,"UKR","Ukraine",12,"Kiev",293,"Zgurivs'kyi","UA.KV.ZG",NA,"","Raion","District","","Zgurivskyi"
294,240,"UKR","Ukraine",13,"Kirovohrad",294,"Bobrynets'kyi","UA.KH.BO",NA,"","Raion","District","","Bobrynetskyi"
295,240,"UKR","Ukraine",13,"Kirovohrad",295,"Dobrovelychkivs'kyi","UA.KH.DB",NA,"","Raion","District","","Dobrovelychkivsky"
296,240,"UKR","Ukraine",13,"Kirovohrad",296,"Dolyns'kyi","UA.KH.DL",NA,"","Raion","District","","Dolynskyi-Krv"
297,240,"UKR","Ukraine",13,"Kirovohrad",297,"Haivorons'kyi","UA.KH.HA",NA,"","Raion","District","","Gayvoronskyi"
298,240,"UKR","Ukraine",13,"Kirovohrad",298,"Holovanivs'kyi","UA.KH.HO",NA,"","Raion","District","","Golovanivskyi"
299,240,"UKR","Ukraine",13,"Kirovohrad",299,"Kirovohrads'kyi","UA.KH.KR",NA,"","Raion","District","","Kirovogradskyi"
300,240,"UKR","Ukraine",13,"Kirovohrad",300,"Kompani‹vs'kyi","UA.KH.KO",NA,"","Raion","District","","Kompaniivskyi"
301,240,"UKR","Ukraine",13,"Kirovohrad",301,"Malovyskivs'kyi","UA.KH.MA",NA,"","Raion","District","","Malovyskyi"
302,240,"UKR","Ukraine",13,"Kirovohrad",302,"Novhorodkivs'kyi","UA.KH.NH",NA,"","Raion","District","","Novgorodskyi"
303,240,"UKR","Ukraine",13,"Kirovohrad",303,"Novoarkhanhel's'kyi","UA.KH.NA",NA,"","Raion","District","","Novoarhangelskyi"
304,240,"UKR","Ukraine",13,"Kirovohrad",304,"Novomyrhorods'kyi","UA.KH.NM",NA,"","Raion","District","","Novomyrgorodskyi"
305,240,"UKR","Ukraine",13,"Kirovohrad",305,"Novoukra‹ns'kyi","UA.KH.NU",NA,"","Raion","District","","Novoukrainskyi"
306,240,"UKR","Ukraine",13,"Kirovohrad",306,"Oleksandriis'kyi","UA.KH.OR",NA,"","Raion","District","","Oleksandriyskyi"
307,240,"UKR","Ukraine",13,"Kirovohrad",307,"Oleksandrivs'kyi","UA.KH.OV",NA,"","Raion","District","","Oleksandrivskyi"
308,240,"UKR","Ukraine",13,"Kirovohrad",308,"Onufri‹vs'kyi","UA.KH.ON",NA,"","Raion","District","","Onufriivskyi"
309,240,"UKR","Ukraine",13,"Kirovohrad",309,"Petrivs'kyi","UA.KH.PE",NA,"","Raion","District","","Petrovskyi-Krv"
310,240,"UKR","Ukraine",13,"Kirovohrad",310,"Svitlovods'kyi","UA.KH.SR",NA,"","Raion","District","","Svitlovodskyi-Krv"
311,240,"UKR","Ukraine",13,"Kirovohrad",311,"Ul'ianovs'kyi","UA.KH.UL",NA,"","Raion","District","","Ulyanivskyi-Krv"
312,240,"UKR","Ukraine",13,"Kirovohrad",312,"Ustynivs'kyi","UA.KH.US",NA,"","Raion","District","","Ustynivskyi"
313,240,"UKR","Ukraine",13,"Kirovohrad",313,"Vil'shans'kyi","UA.KH.VI",NA,"","Raion","District","","Vilshanskyi"
314,240,"UKR","Ukraine",13,"Kirovohrad",314,"Znamians'kyi","UA.KH.ZR",NA,"","Raion","District","","Znamyanskyi"
315,240,"UKR","Ukraine",14,"L'viv",315,"Brodivs'kyi","UA.LV.BR",NA,"","Raion","District","","Brodivskyi"
316,240,"UKR","Ukraine",14,"L'viv",316,"Bus'kyi","UA.LV.BU",NA,"","Raion","District","","Buskyi"
317,240,"UKR","Ukraine",14,"L'viv",317,"Chervonohrads'ka","UA.LV.CH",NA,"","Mis'ka Rada","Mis'ka Rada","","Chervonohrad"
318,240,"UKR","Ukraine",14,"L'viv",318,"Drohobyts'ka","UA.LV.DM",NA,"","Mis'ka Rada","Mis'ka Rada","",""
319,240,"UKR","Ukraine",14,"L'viv",319,"Drohobyts'kyi","UA.LV.DR",NA,"","Raion","District","","Drogobytskyi"
320,240,"UKR","Ukraine",14,"L'viv",320,"Horodots'kyi","UA.LV.HO",NA,"","Raion","District","","Gorodotskyi-Lvi"
321,240,"UKR","Ukraine",14,"L'viv",321,"Iavorivs'kyi","UA.LV.IA",NA,"","Raion","District","","Yavorivskyi"
322,240,"UKR","Ukraine",14,"L'viv",322,"Kamianka-Buz'kyi","UA.LV.KA",NA,"","Raion","District","","KamyankaBuzkyi"
323,240,"UKR","Ukraine",14,"L'viv",323,"L'vivs'ka","UA.LV.LV",NA,"","Mis'ka Rada","Mis'ka Rada","","Lviv"
324,240,"UKR","Ukraine",14,"L'viv",324,"Mostys'kyi","UA.LV.MS",NA,"","Raion","District","","Mostyskyi"
325,240,"UKR","Ukraine",14,"L'viv",325,"Mykola‹vs'kyi","UA.LV.MY",NA,"","Raion","District","","Mykolayivskyi-Lvi"
326,240,"UKR","Ukraine",14,"L'viv",326,"Peremyshlians'kyi","UA.LV.PE",NA,"","Raion","District","","Peremyshlyanskyi"
327,240,"UKR","Ukraine",14,"L'viv",327,"Pustomytivs'kyi","UA.LV.PU",NA,"","Raion","District","","Pustomytivskyi"
328,240,"UKR","Ukraine",14,"L'viv",328,"Radekhivs'kyi","UA.LV.RA",NA,"","Raion","District","","Radehivskyi"
329,240,"UKR","Ukraine",14,"L'viv",329,"Sambirs'ka","UA.LV.SM",NA,"","Misto","City","",""
330,240,"UKR","Ukraine",14,"L'viv",330,"Sambirs'kyi","UA.LV.SR",NA,"","Raion","District","","Sambirskyi"
331,240,"UKR","Ukraine",14,"L'viv",331,"Skolivs'kyi","UA.LV.SK",NA,"","Raion","District","","Skolevskyi"
332,240,"UKR","Ukraine",14,"L'viv",332,"Sokal's'kyi","UA.LV.SO",NA,"","Raion","District","","Sokalskyi"
333,240,"UKR","Ukraine",14,"L'viv",333,"Starosambirs'kyi","UA.LV.SS",NA,"","Raion","District","","Starosambirskyi"
334,240,"UKR","Ukraine",14,"L'viv",334,"Stryis'ka","UA.LV.SY",NA,"","Misto","City","",""
335,240,"UKR","Ukraine",14,"L'viv",335,"Stryis'kyi","UA.LV.ST",NA,"","Raion","District","","Stryyskyi"
336,240,"UKR","Ukraine",14,"L'viv",336,"Turkivs'kyi","UA.LV.TU",NA,"","Raion","District","","Turkskyi-Lvi"
337,240,"UKR","Ukraine",14,"L'viv",337,"Zhovkivs'kyi","UA.LV.ZV",NA,"","Raion","District","","Zhovkvovskyi"
338,240,"UKR","Ukraine",14,"L'viv",338,"Zhydachivs'kyi","UA.LV.ZD",NA,"","Raion","District","","Zhydachivskyi"
339,240,"UKR","Ukraine",14,"L'viv",339,"Zolochivs'kyi","UA.LV.ZO",NA,"","Raion","District","","Zolochivskyi"
340,240,"UKR","Ukraine",15,"Luhans'k",340,"Alchevs'ka","UA.LH.AL",NA,"","Misto","City","","Alchevsk"
341,240,"UKR","Ukraine",15,"Luhans'k",341,"Antratsitivs'ka","UA.LH.AM",NA,"","Mis'ka Rada","Mis'ka Rada","","Antratsyt"
342,240,"UKR","Ukraine",15,"Luhans'k",342,"Antratsytivs'kyi","UA.LH.AR",NA,"","Raion","District","","Antratsytovskyi"
343,240,"UKR","Ukraine",15,"Luhans'k",343,"Bilokurakyns'kyi","UA.LH.BK",NA,"","Raion","District","","Bilokurakinskyi"
344,240,"UKR","Ukraine",15,"Luhans'k",344,"Bilovods'kyi","UA.LH.BV",NA,"","Raion","District","","Bilovodskyi"
345,240,"UKR","Ukraine",15,"Luhans'k",345,"Briankivs'ka","UA.LH.BR",NA,"","Mis'ka Rada","Mis'ka Rada","","Brianka"
346,240,"UKR","Ukraine",15,"Luhans'k",346,"Kirovs'ka","UA.LH.KI",NA,"","Mis'ka Rada","Mis'ka Rada","","Kirovsk"
347,240,"UKR","Ukraine",15,"Luhans'k",347,"Krasnodons'ka","UA.LH.KM",NA,"","Mis'ka Rada","Mis'ka Rada","","Krasnodons'ka"
348,240,"UKR","Ukraine",15,"Luhans'k",348,"Krasnodons'kyi","UA.LH.KR",NA,"","Raion","District","","Krasnodonskyi"
349,240,"UKR","Ukraine",15,"Luhans'k",349,"Krasnoluts'ka","UA.LH.KL",NA,"","Mis'ka Rada","Mis'ka Rada","",""
350,240,"UKR","Ukraine",15,"Luhans'k",350,"Kremins'kyi","UA.LH.KN",NA,"","Raion","District","","Kreminskyi"
351,240,"UKR","Ukraine",15,"Luhans'k",351,"Luhans'ka","UA.LH.LH",NA,"","Mis'ka Rada","Mis'ka Rada","","Lugansk"
352,240,"UKR","Ukraine",15,"Luhans'k",352,"Lutuhyns'kyi","UA.LH.LT",NA,"","Raion","District","","Lutuginskyi"
353,240,"UKR","Ukraine",15,"Luhans'k",353,"Lysychans'ka","UA.LH.LY",NA,"","Mis'ka Rada","Mis'ka Rada","","Lisychansk"
354,240,"UKR","Ukraine",15,"Luhans'k",354,"Markivs'kyi","UA.LH.MA",NA,"","Raion","District","","Markivskyi-Lug"
355,240,"UKR","Ukraine",15,"Luhans'k",355,"Milovs'kyi","UA.LH.MI",NA,"","Raion","District","","Milovskyi"
356,240,"UKR","Ukraine",15,"Luhans'k",356,"n.a. ( 182)","",NA,"","","","",""
357,240,"UKR","Ukraine",15,"Luhans'k",357,"Novoaidars'kyi","UA.LH.NA",NA,"","Raion","District","","Novoaydarskyi"
358,240,"UKR","Ukraine",15,"Luhans'k",358,"Novopskovs'kyi","UA.LH.NP",NA,"","Raion","District","","Novopskovskyi"
359,240,"UKR","Ukraine",15,"Luhans'k",359,"Pereval's'kyi","UA.LH.PL",NA,"","Raion","District","","Perevalskyi"
360,240,"UKR","Ukraine",15,"Luhans'k",360,"Popasnians'kyi","UA.LH.PO",NA,"","Raion","District","","Popasnyanskyi"
361,240,"UKR","Ukraine",15,"Luhans'k",361,"Roven'kivs'ka","UA.LH.RO",NA,"","Mis'ka Rada","Mis'ka Rada","","Rovenki"
362,240,"UKR","Ukraine",15,"Luhans'k",362,"Rubezhans'ka","UA.LH.RU",NA,"","Misto","City","","Rubizhne"
363,240,"UKR","Ukraine",15,"Luhans'k",363,"Sieverodonets'ka","UA.LH.SI",NA,"","Mis'ka Rada","Mis'ka Rada","","Severodonetsk"
364,240,"UKR","Ukraine",15,"Luhans'k",364,"Slovianoserbs'kyi","UA.LH.SS",NA,"","Raion","District","","Slovyanoserbskyi"
365,240,"UKR","Ukraine",15,"Luhans'k",365,"Stakhanivs'ka","UA.LH.SK",NA,"","Mis'ka Rada","Mis'ka Rada","","Stahanov"
366,240,"UKR","Ukraine",15,"Luhans'k",366,"Stanychno-Luhans'kyi","UA.LH.SL",NA,"","Raion","District","","StanichnoLugansky"
367,240,"UKR","Ukraine",15,"Luhans'k",367,"Starobil's'kyi","UA.LH.SB",NA,"","Raion","District","","Starobilskyi"
368,240,"UKR","Ukraine",15,"Luhans'k",368,"Svativs'kyi","UA.LH.SV",NA,"","Raion","District","","Svatovskyi"
369,240,"UKR","Ukraine",15,"Luhans'k",369,"Sverdlovs'ka","UA.LH.SM",NA,"","Mis'ka Rada","Mis'ka Rada","","Sverdlovs'ka"
370,240,"UKR","Ukraine",15,"Luhans'k",370,"Sverdlovs'kyi","UA.LH.SR",NA,"","Raion","District","","Sverdlovskyi-Lug"
371,240,"UKR","Ukraine",15,"Luhans'k",371,"Tro‹ts'kyi","UA.LH.TR",NA,"","Raion","District","","Troitskyi-Lug"
372,240,"UKR","Ukraine",16,"Mykolayiv",372,"Arbuzyns'kyi","UA.MY.AR",NA,"","Raion","District","","Arbuzynskyi"
373,240,"UKR","Ukraine",16,"Mykolayiv",373,"Bashtans'kyi","UA.MY.BA",NA,"","Raion","District","","Bashtanskyi"
374,240,"UKR","Ukraine",16,"Mykolayiv",374,"Berezans'kyi","UA.MY.BE",NA,"","Raion","District","","Berezanskyi"
375,240,"UKR","Ukraine",16,"Mykolayiv",375,"Bereznehuvats'kyi","UA.MY.BH",NA,"","Raion","District","","Berezneguvatskyi"
376,240,"UKR","Ukraine",16,"Mykolayiv",376,"Brats'kyi","UA.MY.BR",NA,"","Raion","District","","Bratskyi-Myk"
377,240,"UKR","Ukraine",16,"Mykolayiv",377,"Domanivs'kyi","UA.MY.DO",NA,"","Raion","District","","Domanivskyi"
378,240,"UKR","Ukraine",16,"Mykolayiv",378,"Ielanets'kyi","UA.MY.IE",NA,"","Raion","District","","Yelanetskyi"
379,240,"UKR","Ukraine",16,"Mykolayiv",379,"Kazanetskyi","UA.MY.KA",NA,"","Raion","District","","Kazankivs'kyi"
380,240,"UKR","Ukraine",16,"Mykolayiv",380,"Kryvoozers'kyi","UA.MY.KR",NA,"","Raion","District","","Kryvoozerskyi"
381,240,"UKR","Ukraine",16,"Mykolayiv",381,"Mykola‹vs'ka","UA.MY.MM",NA,"","Misto","City","","Mykolayiv-Myk"
382,240,"UKR","Ukraine",16,"Mykolayiv",382,"Mykola‹vs'kyi","UA.MY.MR",NA,"","Raion","District","","Mykolayivskyi-Myl"
383,240,"UKR","Ukraine",16,"Mykolayiv",383,"Novobuz'kyi","UA.MY.NB",NA,"","Raion","District","","Novobuzkyi"
384,240,"UKR","Ukraine",16,"Mykolayiv",384,"Novoodes'kyi","UA.MY.NO",NA,"","Raion","District","","Novoodeskyi"
385,240,"UKR","Ukraine",16,"Mykolayiv",385,"Ochakivs'kyi","UA.MY.OR",NA,"","Raion","District","","Ochakivskyi"
386,240,"UKR","Ukraine",16,"Mykolayiv",386,"Pervomais'ka","UA.MY.PM",NA,"","Misto","City","",""
387,240,"UKR","Ukraine",16,"Mykolayiv",387,"Pervomais'kyi","UA.MY.PR",NA,"","Raion","District","","Pervomayskyi-Myk"
388,240,"UKR","Ukraine",16,"Mykolayiv",388,"Snihurivs'kyi","UA.MY.SN",NA,"","Raion","District","","Snigurivskyi"
389,240,"UKR","Ukraine",16,"Mykolayiv",389,"Veselynivs'kyi","UA.MY.VE",NA,"","Raion","District","","Veselynovskyi"
390,240,"UKR","Ukraine",16,"Mykolayiv",390,"Voznesens'ka","UA.MY.VM",NA,"","Misto","City","",""
391,240,"UKR","Ukraine",16,"Mykolayiv",391,"Voznesens'kyi","UA.MY.VR",NA,"","Raion","District","","Voznesenskyi-Myk"
392,240,"UKR","Ukraine",16,"Mykolayiv",392,"Vradi‹vs'kyi","UA.MY.VD",NA,"","Raion","District","","Vradiyivskyi"
393,240,"UKR","Ukraine",16,"Mykolayiv",393,"Zhovtnevyi","UA.MY.ZH",NA,"","Raion","District","","Zhovtnevyi-Myk"
394,240,"UKR","Ukraine",17,"Odessa",394,"Anan'‹vs'kyi","UA.OD.AN",NA,"","Raion","District","","Ananyivskyi"
395,240,"UKR","Ukraine",17,"Odessa",395,"Artsyz'kyi","UA.OD.AR",NA,"","Raion","District","","Artsyzkyi"
396,240,"UKR","Ukraine",17,"Odessa",396,"Balts'kyi","UA.OD.BA",NA,"","Raion","District","","Baltenskyi"
397,240,"UKR","Ukraine",17,"Odessa",397,"Berezivs'kyi","UA.OD.BE",NA,"","Raion","District","","Berezivskyi-Ode"
398,240,"UKR","Ukraine",17,"Odessa",398,"Bilhorod-Dnistrovs'ka","UA.OD.BM",NA,"","Mis'ka Rada","Mis'ka Rada","",""
399,240,"UKR","Ukraine",17,"Odessa",399,"Bilhorod-Dnistrovs'kyi","UA.OD.BR",NA,"","Raion","District","","Bilgorod Dnistrovs"
400,240,"UKR","Ukraine",17,"Odessa",400,"Bilia‹vs'kyi","UA.OD.BL",NA,"","Raion","District","","Bilyayivskyi"
401,240,"UKR","Ukraine",17,"Odessa",401,"Bolhrads'kyi","UA.OD.BO",NA,"","Raion","District","","Bolgradskyi-Ode"
402,240,"UKR","Ukraine",17,"Odessa",402,"Frunzivs'kyi","UA.OD.FR",NA,"","Raion","District","","Frunzevskyi-Ode"
403,240,"UKR","Ukraine",17,"Odessa",403,"Ivanivs'kyi","UA.OD.IV",NA,"","Raion","District","","Ivanivskyi-Ode"
404,240,"UKR","Ukraine",17,"Odessa",404,"Izma‹l's'ka","UA.OD.IM",NA,"","Misto","City","","Izmayilskyi"
405,240,"UKR","Ukraine",17,"Odessa",405,"Kiliis'kyi","UA.OD.KL",NA,"","Raion","District","","Kiliyskyi"
406,240,"UKR","Ukraine",17,"Odessa",406,"Kodyms'kyi","UA.OD.KD",NA,"","Raion","District","","Kodymskyi"
407,240,"UKR","Ukraine",17,"Odessa",407,"Kominternivs'kyi","UA.OD.KI",NA,"","Raion","District","","Kominternivskyi"
408,240,"UKR","Ukraine",17,"Odessa",408,"Kotovs'ka","UA.OD.KM",NA,"","Misto","City","",""
409,240,"UKR","Ukraine",17,"Odessa",409,"Kotovs'kyi","UA.OD.KR",NA,"","Raion","District","","Kotovskyi-Ode"
410,240,"UKR","Ukraine",17,"Odessa",410,"Krasnooknians'kyi","UA.OD.KO",NA,"","Raion","District","","Krasnooknyanskyi"
411,240,"UKR","Ukraine",17,"Odessa",411,"Liubashivs'kyi","UA.OD.LI",NA,"","Raion","District","","Lyubashivskyi"
412,240,"UKR","Ukraine",17,"Odessa",412,"Mykola‹vs'kyi","UA.OD.MY",NA,"","Raion","District","","Mykolayivskyi-Ode"
413,240,"UKR","Ukraine",17,"Odessa",413,"Odes'ka","UA.OD.OD",NA,"","Misto","City","","Odesa"
414,240,"UKR","Ukraine",17,"Odessa",414,"Ovidiopol's'kyi","UA.OD.OV",NA,"","Raion","District","","Ovidiopolskyi"
415,240,"UKR","Ukraine",17,"Odessa",415,"Reniis'kyi","UA.OD.RE",NA,"","Raion","District","","Reniyskyi"
416,240,"UKR","Ukraine",17,"Odessa",416,"Rozdil'nias'kyi","UA.OD.RO",NA,"","Raion","District","","Rozdilnenskyi"
417,240,"UKR","Ukraine",17,"Odessa",417,"Sarats'kyi","UA.OD.SR",NA,"","Raion","District","","Saratskyi"
418,240,"UKR","Ukraine",17,"Odessa",418,"Savrans'kyi","UA.OD.SV",NA,"","Raion","District","","Savranskyi"
419,240,"UKR","Ukraine",17,"Odessa",419,"Shyria‹vs'kyi","UA.OD.SH",NA,"","Raion","District","","Shyrayevskyi"
420,240,"UKR","Ukraine",17,"Odessa",420,"Tarutyns'kyi","UA.OD.TR",NA,"","Raion","District","","Tarutynskyi"
421,240,"UKR","Ukraine",17,"Odessa",421,"Tatarbunars'kyi","UA.OD.TT",NA,"","Raion","District","","Tatarbunarskyi"
422,240,"UKR","Ukraine",17,"Odessa",422,"Velykomykhailivs'kyi","UA.OD.VE",NA,"","Raion","District","","Velykomyhaylivsky"
423,240,"UKR","Ukraine",18,"Poltava",423,"Chornukhyns'kyi","UA.PL.CR",NA,"","Raion","District","","Chornuskyi"
424,240,"UKR","Ukraine",18,"Poltava",424,"Chutivs'kyi","UA.PL.CT",NA,"","Raion","District","","Chutovskyi"
425,240,"UKR","Ukraine",18,"Poltava",425,"Dykans'kyi","UA.PL.DY",NA,"","Raion","District","","Dykanskyi"
426,240,"UKR","Ukraine",18,"Poltava",426,"Hadiats'kyi","UA.PL.HA",NA,"","Raion","District","","Gadyatskyi-Pol"
427,240,"UKR","Ukraine",18,"Poltava",427,"Hlobyns'kyi","UA.PL.HL",NA,"","Raion","District","","Globinskyi-Pol"
428,240,"UKR","Ukraine",18,"Poltava",428,"Hrebinkivs'kyi","UA.PL.HR",NA,"","Raion","District","","Grebinkivskyi"
429,240,"UKR","Ukraine",18,"Poltava",429,"Karlivs'kyi","UA.PL.KA",NA,"","Raion","District","","Karlivskyi"
430,240,"UKR","Ukraine",18,"Poltava",430,"Khorol's'kyi","UA.PL.KH",NA,"","Raion","District","","Horolskyi"
431,240,"UKR","Ukraine",18,"Poltava",431,"Kobeliats'kyi","UA.PL.KB",NA,"","Raion","District","","Kobelyatskyi"
432,240,"UKR","Ukraine",18,"Poltava",432,"Komsomol's'ka","UA.PL.KS",NA,"","Mis'ka Rada","Mis'ka Rada","","Komsomolsk-Pol"
433,240,"UKR","Ukraine",18,"Poltava",433,"Kotelevs'kyi","UA.PL.KT",NA,"","Raion","District","","Kotelvskyi"
434,240,"UKR","Ukraine",18,"Poltava",434,"Kozel'shchyns'kyi","UA.PL.KZ",NA,"","Raion","District","","Kozelschynskyi"
435,240,"UKR","Ukraine",18,"Poltava",435,"Kremenchuts'ka","UA.PL.KM",NA,"","Misto","City","","Kremenchug-Pol"
436,240,"UKR","Ukraine",18,"Poltava",436,"Kremenchuts'kyi","UA.PL.KR",NA,"","Raion","District","","Kremenchutskyi"
437,240,"UKR","Ukraine",18,"Poltava",437,"Lokhvyts'kyi","UA.PL.LO",NA,"","Raion","District","","Lohvytskyi"
438,240,"UKR","Ukraine",18,"Poltava",438,"Lubens'ka","UA.PL.LM",NA,"","Misto","City","",""
439,240,"UKR","Ukraine",18,"Poltava",439,"Lubens'kyi","UA.PL.LR",NA,"","Raion","District","","Lubenskyi"
440,240,"UKR","Ukraine",18,"Poltava",440,"Mashivs'kyi","UA.PL.MA",NA,"","Raion","District","","Mashivskyi"
441,240,"UKR","Ukraine",18,"Poltava",441,"Myrhorods'kyi","UA.PL.MR",NA,"","Raion","District","","Myrgorodskyi"
442,240,"UKR","Ukraine",18,"Poltava",442,"Novosanzhars'kyi","UA.PL.NO",NA,"","Raion","District","","Novosanzharskyi"
443,240,"UKR","Ukraine",18,"Poltava",443,"Orzhyts'kyi","UA.PL.OR",NA,"","Raion","District","","Orzhytskyi"
444,240,"UKR","Ukraine",18,"Poltava",444,"Poltavs'ka","UA.PL.PM",NA,"","Misto","City","","Poltava"
445,240,"UKR","Ukraine",18,"Poltava",445,"Poltavs'kyi","UA.PL.PR",NA,"","Raion","District","","Poltavskyi"
446,240,"UKR","Ukraine",18,"Poltava",446,"Pyriatyns'kyi","UA.PL.PY",NA,"","Raion","District","","Piryatinskyi"
447,240,"UKR","Ukraine",18,"Poltava",447,"Reshetylivs'kyi","UA.PL.RE",NA,"","Raion","District","","Reshetylivskyi"
448,240,"UKR","Ukraine",18,"Poltava",448,"Semenivs'kyi","UA.PL.SE",NA,"","Raion","District","","Semenivskyi"
449,240,"UKR","Ukraine",18,"Poltava",449,"Shyshats'kyi","UA.PL.SH",NA,"","Raion","District","","Shyshatskyi"
450,240,"UKR","Ukraine",18,"Poltava",450,"Velykobahachans'kyi","UA.PL.VE",NA,"","Raion","District","","Velykobagatskyi"
451,240,"UKR","Ukraine",18,"Poltava",451,"Zin'kivs'kyi","UA.PL.ZI",NA,"","Raion","District","","Zinkivskyi"
452,240,"UKR","Ukraine",19,"Rivne",452,"Bereznivs'kyi","UA.RV.BE",NA,"","Raion","District","","Bereznyatskyi"
453,240,"UKR","Ukraine",19,"Rivne",453,"Demydiv's'kyi","UA.RV.DE",NA,"","Raion","Raion","","Demydivskyi"
454,240,"UKR","Ukraine",19,"Rivne",454,"Dubens'kyi","UA.RV.DB",NA,"","Raion","District","","Dubenskyi"
455,240,"UKR","Ukraine",19,"Rivne",455,"Dubnivs'ka","UA.RV.DU",NA,"","Misto","City","","Dubno"
456,240,"UKR","Ukraine",19,"Rivne",456,"Dubrovyts'kyi","UA.RV.DR",NA,"","Raion","District","","Dubrovytskyi"
457,240,"UKR","Ukraine",19,"Rivne",457,"Hoshchans'kyi","UA.RV.HO",NA,"","Raion","District","","Goschanskyi"
458,240,"UKR","Ukraine",19,"Rivne",458,"Korets'kyi","UA.RV.KR",NA,"","Raion","District","","Koretskyi"
459,240,"UKR","Ukraine",19,"Rivne",459,"Kostopil's'kyi","UA.RV.KP",NA,"","Raion","District","","Kostopilskyi"
460,240,"UKR","Ukraine",19,"Rivne",460,"Mlynivs'kyi","UA.RV.ML",NA,"","Raion","Raion","","Mlynivskyi"
461,240,"UKR","Ukraine",19,"Rivne",461,"Ostroz'kyi","UA.RV.OR",NA,"","Raion","District","","Ostrozkyi-Riv"
462,240,"UKR","Ukraine",19,"Rivne",462,"Radyvylivs'kyi","UA.RV.RA",NA,"","Raion","District","","Radyvylivskyi"
463,240,"UKR","Ukraine",19,"Rivne",463,"Rivnens'ka","UA.RV.RM",NA,"","Misto","City","","Rivne"
464,240,"UKR","Ukraine",19,"Rivne",464,"Rivnens'kyi","UA.RV.RR",NA,"","Raion","District","","Rivnenskyi"
465,240,"UKR","Ukraine",19,"Rivne",465,"Rokytnivs'kyi","UA.RV.RO",NA,"","Raion","District","","Rokytnyanskyi-Riv"
466,240,"UKR","Ukraine",19,"Rivne",466,"Sarnens'kyi","UA.RV.SA",NA,"","Raion","District","","Sarnenskyi"
467,240,"UKR","Ukraine",19,"Rivne",467,"Volodymyrets'kyi","UA.RV.VO",NA,"","Raion","District","","Volodymyretskyi"
468,240,"UKR","Ukraine",19,"Rivne",468,"Zarichnens'kyi","UA.RV.ZA",NA,"","Raion","District","","Zarichnenskyi"
469,240,"UKR","Ukraine",19,"Rivne",469,"Zdolbunivs'kyi","UA.RV.ZD",NA,"","Raion","District","","Zdolbunivskyi"
470,240,"UKR","Ukraine",20,"Sevastopol'",470,"Balaklavs'kyi","UA.SC.BA",NA,"","Raion","Raion","","Balaklavskiy"
471,240,"UKR","Ukraine",20,"Sevastopol'",471,"Haharins'kyi","UA.SC.HA",NA,"","Raion","Raion","","Gagarinskiy"
472,240,"UKR","Ukraine",20,"Sevastopol'",472,"Lenins'kyi","UA.SC.LE",NA,"","Raion","Raion","","Leninskiy"
473,240,"UKR","Ukraine",20,"Sevastopol'",473,"Nakhimovs'kyi","UA.SC.NA",NA,"","Raion","Raion","","Nakhimovskiy"
474,240,"UKR","Ukraine",21,"Sumy",474,"Bilopils'kyi","UA.SM.BI",NA,"","Raion","District","","Bilopilskyi"
475,240,"UKR","Ukraine",21,"Sumy",475,"Buryns'kyi","UA.SM.BU",NA,"","Raion","District","","Burynskyi"
476,240,"UKR","Ukraine",21,"Sumy",476,"Hlukhivs'kyi","UA.SM.HR",NA,"","Raion","District","","Gluhivskyi"
477,240,"UKR","Ukraine",21,"Sumy",477,"Iampil's'kyi","UA.SM.IA",NA,"","Raion","District","","Yampilskyi-Sum"
478,240,"UKR","Ukraine",21,"Sumy",478,"Konotops'ka","UA.SM.KM",NA,"","Mis'ka Rada","Mis'ka Rada","",""
479,240,"UKR","Ukraine",21,"Sumy",479,"Konotops'kyi","UA.SM.KR",NA,"","Raion","District","","Konotopskyi"
480,240,"UKR","Ukraine",21,"Sumy",480,"Krasnopil's'kyi","UA.SM.KP",NA,"","Raion","District","","Krasnopilskyi"
481,240,"UKR","Ukraine",21,"Sumy",481,"Krolevets'kyi","UA.SM.KV",NA,"","Raion","District","","Krolevetskyi"
482,240,"UKR","Ukraine",21,"Sumy",482,"Lebedyns'kyi","UA.SM.LR",NA,"","Raion","District","","Lebedynskyi"
483,240,"UKR","Ukraine",21,"Sumy",483,"Lypovodolyns'kyi","UA.SM.LY",NA,"","Raion","District","","Lypovodolynskyi"
484,240,"UKR","Ukraine",21,"Sumy",484,"Nedryhailivs'kyi","UA.SM.NE",NA,"","Raion","District","","Nedrygaylivskyi"
485,240,"UKR","Ukraine",21,"Sumy",485,"Okhtyrs'ka","UA.SM.OM",NA,"","Mis'ka Rada","Mis'ka Rada","",""
486,240,"UKR","Ukraine",21,"Sumy",486,"Okhtyrs'kyi","UA.SM.OR",NA,"","Raion","Raion","","Ahtyrskyi-Sum"
487,240,"UKR","Ukraine",21,"Sumy",487,"Putyvl's'kyi","UA.SM.PU",NA,"","Raion","District","","Putyvlskyi"
488,240,"UKR","Ukraine",21,"Sumy",488,"Romens'ka","UA.SM.RM",NA,"","Mis'ka Rada","Mis'ka Rada","",""
489,240,"UKR","Ukraine",21,"Sumy",489,"Romens'kyi","UA.SM.RR",NA,"","Raion","District","","Romenskyi"
490,240,"UKR","Ukraine",21,"Sumy",490,"Seredyno-Buds'kyi","UA.SM.SE",NA,"","Raion","District","","Seredynobudskyi"
491,240,"UKR","Ukraine",21,"Sumy",491,"Shostkins'ka","UA.SM.SK",NA,"","Misto","City","",""
492,240,"UKR","Ukraine",21,"Sumy",492,"Shostkins'kyi","UA.SM.SH",NA,"","Raion","District","","Shostskyi"
493,240,"UKR","Ukraine",21,"Sumy",493,"Sums'ka","UA.SM.SM",NA,"","Mis'ka Rada","Mis'ka Rada","","Sumy"
494,240,"UKR","Ukraine",21,"Sumy",494,"Sums'kyi","UA.SM.SR",NA,"","Raion","District","","Sumskyi"
495,240,"UKR","Ukraine",21,"Sumy",495,"Trostianets'kyi","UA.SM.TR",NA,"","Raion","District","","Trostyanetskyi"
496,240,"UKR","Ukraine",21,"Sumy",496,"Velykopysarivs'kyi","UA.SM.VE",NA,"","Raion","District","","Velykopysarivskyi"
497,240,"UKR","Ukraine",22,"Ternopil'",497,"Berezhans'kyi","UA.TP.BE",NA,"","Raion","District","","Berezhanskyi"
498,240,"UKR","Ukraine",22,"Ternopil'",498,"Borshchivs'kyi","UA.TP.BO",NA,"","Raion","District","","Borschivskyi"
499,240,"UKR","Ukraine",22,"Ternopil'",499,"Buchats'kyi","UA.TP.BU",NA,"","Raion","District","","Buchachskyi"
500,240,"UKR","Ukraine",22,"Ternopil'",500,"Chortkivs'kyi","UA.TP.CH",NA,"","Raion","District","","Chortkivskyi"
501,240,"UKR","Ukraine",22,"Ternopil'",501,"Husiatyns'kyi","UA.TP.HU",NA,"","Raion","District","","Gusyatynskyi"
502,240,"UKR","Ukraine",22,"Ternopil'",502,"Kozivs'kyi","UA.TP.KO",NA,"","Raion","District","","Kozovskyi"
503,240,"UKR","Ukraine",22,"Ternopil'",503,"Kremenets'kyi","UA.TP.KR",NA,"","Raion","District","","Kremenetskyi"
504,240,"UKR","Ukraine",22,"Ternopil'",504,"Lanovets'kyi","UA.TP.LA",NA,"","Raion","Raion","","Lanivskyi"
505,240,"UKR","Ukraine",22,"Ternopil'",505,"Monastyrys'kyi","UA.TP.MO",NA,"","Raion","District","","Monastyryskyi"
506,240,"UKR","Ukraine",22,"Ternopil'",506,"Pidhaiets'kyi","UA.TP.PH",NA,"","Raion","District","","Pidgayskyi"
507,240,"UKR","Ukraine",22,"Ternopil'",507,"Pidvolochys'kyi","UA.TP.PV",NA,"","Raion","District","","Pidvolochinskyi"
508,240,"UKR","Ukraine",22,"Ternopil'",508,"Shums'kyi","UA.TP.SH",NA,"","Raion","District","","Shumskyi"
509,240,"UKR","Ukraine",22,"Ternopil'",509,"Terebovlians'kyi","UA.TP.TB",NA,"","Raion","District","","Terebovlskyi"
510,240,"UKR","Ukraine",22,"Ternopil'",510,"Ternopil's'ka","UA.TP.TM",NA,"","Misto","City","","Ternopil"
511,240,"UKR","Ukraine",22,"Ternopil'",511,"Ternopil's'kyi","UA.TP.TR",NA,"","Raion","District","","Ternopilskyi"
512,240,"UKR","Ukraine",22,"Ternopil'",512,"Zalishchyts'kyi","UA.TP.ZA",NA,"","Raion","District","","Zalischynskyi"
513,240,"UKR","Ukraine",22,"Ternopil'",513,"Zbaraz'kyi","UA.TP.ZZ",NA,"","Raion","District","","Zbarazkyi"
514,240,"UKR","Ukraine",22,"Ternopil'",514,"Zborivs'kyi","UA.TP.ZV",NA,"","Raion","District","","Zborivskyi"
515,240,"UKR","Ukraine",23,"Transcarpathia",515,"Berehivs'kyi","UA.ZK.BR",NA,"","Raion","District","","Beregovskyi"
516,240,"UKR","Ukraine",23,"Transcarpathia",516,"Irshavs'kyi","UA.ZK.IR",NA,"","Raion","District","","Irshavskyi"
517,240,"UKR","Ukraine",23,"Transcarpathia",517,"Khusts'kyi","UA.ZK.KR",NA,"","Raion","District","","Khustskyi"
518,240,"UKR","Ukraine",23,"Transcarpathia",518,"Mizhhirs'kyi","UA.ZK.MI",NA,"","Raion","District","","Mizhgirskyi"
519,240,"UKR","Ukraine",23,"Transcarpathia",519,"Mukachivs'ka","UA.ZK.MM",NA,"","Misto","City","",""
520,240,"UKR","Ukraine",23,"Transcarpathia",520,"Mukachivs'kyi","UA.ZK.MR",NA,"","Raion","District","","Mukachevskyi"
521,240,"UKR","Ukraine",23,"Transcarpathia",521,"Perechyns'kyi","UA.ZK.PE",NA,"","Raion","District","","Perechynskyi"
522,240,"UKR","Ukraine",23,"Transcarpathia",522,"Rakhivs'kyi","UA.ZK.RA",NA,"","Raion","District","","Rahivskyi"
523,240,"UKR","Ukraine",23,"Transcarpathia",523,"Svaliavs'kyi","UA.ZK.SV",NA,"","Raion","District","","Svalyavskyi"
524,240,"UKR","Ukraine",23,"Transcarpathia",524,"Tiachivs'kyi","UA.ZK.TI",NA,"","Raion","District","","Tyachivskyi"
525,240,"UKR","Ukraine",23,"Transcarpathia",525,"Uzhhorods'ka","UA.ZK.UM",NA,"","Misto","City","","Uzhgorod"
526,240,"UKR","Ukraine",23,"Transcarpathia",526,"Uzhhorods'kyi","UA.ZK.UR",NA,"","Raion","District","","Uzhgorodskyi"
527,240,"UKR","Ukraine",23,"Transcarpathia",527,"Velykobereznians'kyi","UA.ZK.VE",NA,"","Raion","District","","Velykobereznyansk"
528,240,"UKR","Ukraine",23,"Transcarpathia",528,"Volovets'kyi","UA.ZK.VO",NA,"","Raion","District","","Volovetskyi"
529,240,"UKR","Ukraine",23,"Transcarpathia",529,"Vynohradivs'kyi","UA.ZK.VY",NA,"","Raion","District","","Vynogradivskyi"
530,240,"UKR","Ukraine",24,"Vinnytsya",530,"Bars'kyi","UA.VI.BA",NA,"","Raion","District","","Barskyi"
531,240,"UKR","Ukraine",24,"Vinnytsya",531,"Bershads'kyi","UA.VI.BE",NA,"","Raion","District","","Bershadskyi"
532,240,"UKR","Ukraine",24,"Vinnytsya",532,"Chechel'nyts'kyi","UA.VI.CC",NA,"","Raion","District","","Chechelnyskyi"
533,240,"UKR","Ukraine",24,"Vinnytsya",533,"Iampil's'kyi","UA.VI.IA",NA,"","Raion","District","","Yampilskyi-Vin"
534,240,"UKR","Ukraine",24,"Vinnytsya",534,"Illinets'kyi","UA.VI.IL",NA,"","Raion","District","","Illintsivskyi"
535,240,"UKR","Ukraine",24,"Vinnytsya",535,"Kalynivs'kyi","UA.VI.KA",NA,"","Raion","District","","Kalynivskyi"
536,240,"UKR","Ukraine",24,"Vinnytsya",536,"Khmil'nyts'kyi","UA.VI.KH",NA,"","Raion","District","","Khmilnitskyi-Vin"
537,240,"UKR","Ukraine",24,"Vinnytsya",537,"Koziatyns'kyi","UA.VI.KR",NA,"","Raion","District","","Kozyatynskyi"
538,240,"UKR","Ukraine",24,"Vinnytsya",538,"Kryzhopil's'kyi","UA.VI.KZ",NA,"","Raion","District","","Kryzhopilskyi"
539,240,"UKR","Ukraine",24,"Vinnytsya",539,"Ladyzhyns'ka","UA.VI.LA",NA,"","Mis'ka Rada","Mis'ka Rada","",""
540,240,"UKR","Ukraine",24,"Vinnytsya",540,"Lityns'kyi","UA.VI.LI",NA,"","Raion","District","","Litynskyi"
541,240,"UKR","Ukraine",24,"Vinnytsya",541,"Lypovets'kyi","UA.VI.LY",NA,"","Raion","District","","Lypovetskyi"
542,240,"UKR","Ukraine",24,"Vinnytsya",542,"Mohyliv-Podil's'ka","UA.VI.MM",NA,"","Mis'ka Rada","Mis'ka Rada","",""
543,240,"UKR","Ukraine",24,"Vinnytsya",543,"Mohyliv-Podil's'kyi","UA.VI.MR",NA,"","Raion","District","",""
544,240,"UKR","Ukraine",24,"Vinnytsya",544,"Murovano-Kurylovets'kyi","UA.VI.MU",NA,"","Raion","District","","MurovanoKurylovet"
545,240,"UKR","Ukraine",24,"Vinnytsya",545,"Nemyrivs'kyi","UA.VI.NE",NA,"","Raion","District","","Nemyrivskyi"
546,240,"UKR","Ukraine",24,"Vinnytsya",546,"Orativs'kyi","UA.VI.OR",NA,"","Raion","District","","Orativskyi"
547,240,"UKR","Ukraine",24,"Vinnytsya",547,"Pishchans'kyi","UA.VI.PI",NA,"","Raion","District","","Pischanskyi"
548,240,"UKR","Ukraine",24,"Vinnytsya",548,"Pohrebyshchens'kyi","UA.VI.PO",NA,"","Raion","District","","Pogrebyschenskyi"
549,240,"UKR","Ukraine",24,"Vinnytsya",549,"Sharhorods'kyi","UA.VI.SH",NA,"","Raion","District","","Shargorodskyi"
550,240,"UKR","Ukraine",24,"Vinnytsya",550,"Teplyts'kyi","UA.VI.TE",NA,"","Raion","District","","Teplytskyi"
551,240,"UKR","Ukraine",24,"Vinnytsya",551,"Tomashpil's'kyi","UA.VI.TO",NA,"","Raion","District","","Tomashpilskyi"
552,240,"UKR","Ukraine",24,"Vinnytsya",552,"Trostianets'kyi","UA.VI.TR",NA,"","Raion","District","","Trostyanetskyi"
553,240,"UKR","Ukraine",24,"Vinnytsya",553,"Tul'chyns'kyi","UA.VI.TU",NA,"","Raion","District","","Tulchynskyi"
554,240,"UKR","Ukraine",24,"Vinnytsya",554,"Tyvrivs'kyi","UA.VI.TY",NA,"","Raion","District","","Tyvrivskyi"
555,240,"UKR","Ukraine",24,"Vinnytsya",555,"Vinnyts'ka","UA.VI.VM",NA,"","Misto","City","","Vinnytsya"
556,240,"UKR","Ukraine",24,"Vinnytsya",556,"Vinnyts'kyi","UA.VI.VR",NA,"","Raion","District","","Vinnytskyi"
557,240,"UKR","Ukraine",24,"Vinnytsya",557,"Zhmeryns'ka","UA.VI.ZM",NA,"","Misto","City","",""
558,240,"UKR","Ukraine",24,"Vinnytsya",558,"Zhmeryns'kyi","UA.VI.ZR",NA,"","Raion","District","","Zhmerynskyi"
559,240,"UKR","Ukraine",25,"Volyn",559,"Horokhivs'kyi","UA.VO.HO",NA,"","Raion","District","","Gorohivskyi"
560,240,"UKR","Ukraine",25,"Volyn",560,"Ivanychivs'kyi","UA.VO.IV",NA,"","Raion","District","","Ivanytskyi"
561,240,"UKR","Ukraine",25,"Volyn",561,"Kamin'-Kashyrs'kyi","UA.VO.KA",NA,"","Raion","District","","KaminKashyrskyi"
562,240,"UKR","Ukraine",25,"Volyn",562,"Kivertsivs'kyi","UA.VO.KI",NA,"","Raion","District","","Kiveretskyi"
563,240,"UKR","Ukraine",25,"Volyn",563,"Kovel's'ka","UA.VO.KM",NA,"","Misto","City","",""
564,240,"UKR","Ukraine",25,"Volyn",564,"Kovel's'kyi","UA.VO.KR",NA,"","Raion","District","","Kovelskyi"
565,240,"UKR","Ukraine",25,"Volyn",565,"Liubeshivs'kyi","UA.VO.LS",NA,"","Raion","District","","Lyubeshivskyi"
566,240,"UKR","Ukraine",25,"Volyn",566,"Liuboml's'ky","UA.VO.LL",NA,"","Raion","Raion","","Lyubomlskyi"
567,240,"UKR","Ukraine",25,"Volyn",567,"Lokachyns'kyi","UA.VO.LO",NA,"","Raion","District","","Lokatskyi"
568,240,"UKR","Ukraine",25,"Volyn",568,"Luts'ka","UA.VO.LM",NA,"","Misto","City","","Lutsk"
569,240,"UKR","Ukraine",25,"Volyn",569,"Luts'kyi","UA.VO.LR",NA,"","Raion","District","","Lutskyi"
570,240,"UKR","Ukraine",25,"Volyn",570,"Manevyts'kyi","UA.VO.MA",NA,"","Raion","District","","Manevytskyi"
571,240,"UKR","Ukraine",25,"Volyn",571,"Novovolyns'ka","UA.VO.NO",NA,"","Mis'ka Rada","Mis'ka Rada","",""
572,240,"UKR","Ukraine",25,"Volyn",572,"Ratnivs'kyi","UA.VO.RA",NA,"","Raion","District","","Ratnenskyi"
573,240,"UKR","Ukraine",25,"Volyn",573,"Rozhyshchens'kyi","UA.VO.RO",NA,"","Raion","District","","Rozhyschenskyi"
574,240,"UKR","Ukraine",25,"Volyn",574,"Shats'kyi","UA.VO.SH",NA,"","Raion","District","","Shatskyi"
575,240,"UKR","Ukraine",25,"Volyn",575,"Starovyzhivs'kyi","UA.VO.ST",NA,"","Raion","District","","Starovyzhivskyi"
576,240,"UKR","Ukraine",25,"Volyn",576,"Turiis'kyi","UA.VO.TU",NA,"","Raion","District","","Turiyskyi"
577,240,"UKR","Ukraine",25,"Volyn",577,"Volodymyr-Volyns'kyi","UA.VO.VR",NA,"","Raion","District","","VolodymyrVolynsky"
578,240,"UKR","Ukraine",26,"Zaporizhzhya",578,"Berdians'ka","UA.ZP.BM",NA,"","Mis'ka Rada","Mis'ka Rada","","Berdyansk"
579,240,"UKR","Ukraine",26,"Zaporizhzhya",579,"Berdians'kyi","UA.ZP.BR",NA,"","Raion","District","","Berdyanskyi"
580,240,"UKR","Ukraine",26,"Zaporizhzhya",580,"Chernihivs'kyi","UA.ZP.CH",NA,"","Raion","District","","Chernigivskyi-Zap"
581,240,"UKR","Ukraine",26,"Zaporizhzhya",581,"Enerhodars'ka","UA.ZP.EN",NA,"","Misto","City","","Enerhodar"
582,240,"UKR","Ukraine",26,"Zaporizhzhya",582,"Huliaipil's'kyi","UA.ZP.HU",NA,"","Raion","District","","Gulyaypolskyi"
583,240,"UKR","Ukraine",26,"Zaporizhzhya",583,"Iakymivs'kyi","UA.ZP.IA",NA,"","Raion","District","","Yakymivskyi"
584,240,"UKR","Ukraine",26,"Zaporizhzhya",584,"Kamians'ko-Dniprovs'kyi","UA.ZP.KA",NA,"","Raion","District","","KamyanskoDniprovs|KamyanskoDniprovsky"
585,240,"UKR","Ukraine",26,"Zaporizhzhya",585,"Kuibyshevs'kyi","UA.ZP.KU",NA,"","Raion","District","","Kuybyshevskyi-Zap"
586,240,"UKR","Ukraine",26,"Zaporizhzhya",586,"Melitopol's'ka","UA.ZP.MM",NA,"","Misto","City","","Melitopol"
587,240,"UKR","Ukraine",26,"Zaporizhzhya",587,"Melitopol's'kyi","UA.ZP.MR",NA,"","Raion","District","","Melitopolskyi"
588,240,"UKR","Ukraine",26,"Zaporizhzhya",588,"Mykhailivs'kyi","UA.ZP.MY",NA,"","Raion","District","","Myhalivskyi-Zap"
589,240,"UKR","Ukraine",26,"Zaporizhzhya",589,"Novomykola‹vs'kyi","UA.ZP.NO",NA,"","Raion","District","","Novomykolaivskyi"
590,240,"UKR","Ukraine",26,"Zaporizhzhya",590,"Orikhivs'kyi","UA.ZP.OR",NA,"","Raion","District","","Orihivskyi"
591,240,"UKR","Ukraine",26,"Zaporizhzhya",591,"Polohivs'kyi","UA.ZP.PO",NA,"","Raion","District","","Polozkyi"
592,240,"UKR","Ukraine",26,"Zaporizhzhya",592,"Pryazovs'kyi","UA.ZP.PZ",NA,"","Raion","District","","Pryazovskyi"
593,240,"UKR","Ukraine",26,"Zaporizhzhya",593,"Prymors'kyi","UA.ZP.PM",NA,"","Raion","District","","Prymorskyi-Zap"
594,240,"UKR","Ukraine",26,"Zaporizhzhya",594,"Rozivs'kyi","UA.ZP.RO",NA,"","Raion","District","","Rozivskyi-Zap"
595,240,"UKR","Ukraine",26,"Zaporizhzhya",595,"Tokmats'ka","UA.ZP.TM",NA,"","Misto","City","",""
596,240,"UKR","Ukraine",26,"Zaporizhzhya",596,"Tokmats'kyi","UA.ZP.TR",NA,"","Raion","District","","Tokmakskyi"
597,240,"UKR","Ukraine",26,"Zaporizhzhya",597,"Vasylivs'kyi","UA.ZP.VA",NA,"","Raion","District","","Vasylivskyi-Zap"
598,240,"UKR","Ukraine",26,"Zaporizhzhya",598,"Velykobilozers'kyi","UA.ZP.VB",NA,"","Raion","District","","Velykobilozerskyi"
599,240,"UKR","Ukraine",26,"Zaporizhzhya",599,"Veselivs'kyi","UA.ZP.VS",NA,"","Raion","District","","Veselivskyi"
600,240,"UKR","Ukraine",26,"Zaporizhzhya",600,"Vil'nians'kyi","UA.ZP.VI",NA,"","Raion","District","","Vilnyanskyi"
601,240,"UKR","Ukraine",26,"Zaporizhzhya",601,"Zaporiz'ka","UA.ZP.ZM",NA,"","Mis'ka Rada","Mis'ka Rada","","Zaporizhia"
602,240,"UKR","Ukraine",26,"Zaporizhzhya",602,"Zaporiz'kyi","UA.ZP.ZR",NA,"","Raion","District","","Zaporizkyi"
603,240,"UKR","Ukraine",27,"Zhytomyr",603,"Andrushivs'kyi","UA.ZT.AN",NA,"","Raion","District","","Andrushivskyi"
604,240,"UKR","Ukraine",27,"Zhytomyr",604,"Baranivs'kyi","UA.ZT.BA",NA,"","Raion","District","","Baranivskyi"
605,240,"UKR","Ukraine",27,"Zhytomyr",605,"Berdychivs'ka","UA.ZT.BM",NA,"","Misto","City","",""
606,240,"UKR","Ukraine",27,"Zhytomyr",606,"Berdychivs'kyi","UA.ZT.BR",NA,"","Raion","District","","Berdychivskyi"
607,240,"UKR","Ukraine",27,"Zhytomyr",607,"Brusylivs'kyi","UA.ZT.BS",NA,"","Raion","District","","Brusylivskyi"
608,240,"UKR","Ukraine",27,"Zhytomyr",608,"Cherniakhivs'kyi","UA.ZT.CK",NA,"","Raion","District","","Chernyahivskyi"
609,240,"UKR","Ukraine",27,"Zhytomyr",609,"Chervonoarmiis'kyi","UA.ZT.CA",NA,"","Raion","District","","Chervonoarmiyskyi"
610,240,"UKR","Ukraine",27,"Zhytomyr",610,"Chudnivs'kyi","UA.ZT.CD",NA,"","Raion","District","","Chudnivskyi"
611,240,"UKR","Ukraine",27,"Zhytomyr",611,"Iemil'chyns'kyi","UA.ZT.IE",NA,"","Raion","District","","Yemilchenskyi"
612,240,"UKR","Ukraine",27,"Zhytomyr",612,"Korostens'ka","UA.ZT.KM",NA,"","Misto","City","",""
613,240,"UKR","Ukraine",27,"Zhytomyr",613,"Korostens'kyi","UA.ZT.KR",NA,"","Raion","District","","Korostenskyi"
614,240,"UKR","Ukraine",27,"Zhytomyr",614,"Korostyshivs'kyi","UA.ZT.KS",NA,"","Raion","Raion","","Korostyshivskyi"
615,240,"UKR","Ukraine",27,"Zhytomyr",615,"Liubars'kyi","UA.ZT.LI",NA,"","Raion","District","","Lyubarskyi"
616,240,"UKR","Ukraine",27,"Zhytomyr",616,"Luhyns'kyi","UA.ZT.LU",NA,"","Raion","District","","Lugynskyi"
617,240,"UKR","Ukraine",27,"Zhytomyr",617,"Malyns'kyi","UA.ZT.MA",NA,"","Raion","District","","Malynskyi"
618,240,"UKR","Ukraine",27,"Zhytomyr",618,"Narodyts'kyi","UA.ZT.NA",NA,"","Raion","District","","Narodytskyi"
619,240,"UKR","Ukraine",27,"Zhytomyr",619,"Novohrad-Volyns'ka","UA.ZT.NM",NA,"","Misto","City","",""
620,240,"UKR","Ukraine",27,"Zhytomyr",620,"Novohrad-Volyns'kyi","UA.ZT.NR",NA,"","Raion","District","","NovogradVolynskyi"
621,240,"UKR","Ukraine",27,"Zhytomyr",621,"Olevs'kyi","UA.ZT.OL",NA,"","Raion","District","","Olevskyi"
622,240,"UKR","Ukraine",27,"Zhytomyr",622,"Ovruts'kyi","UA.ZT.OV",NA,"","Raion","District","","Ovrutskyi"
623,240,"UKR","Ukraine",27,"Zhytomyr",623,"Popil'nians'kyi","UA.ZT.PO",NA,"","Raion","District","","Popilnyanskyi"
624,240,"UKR","Ukraine",27,"Zhytomyr",624,"Radomyshl's'kyi","UA.ZT.RA",NA,"","Raion","District","","Radomyshlskyi"
625,240,"UKR","Ukraine",27,"Zhytomyr",625,"Romanivs'kyi","UA.ZT.RO",NA,"","Raion","District","","Romanivskyi-Zhy"
626,240,"UKR","Ukraine",27,"Zhytomyr",626,"Ruzhyns'kyi","UA.ZT.RU",NA,"","Raion","District","","Ruzhynskyi"
627,240,"UKR","Ukraine",27,"Zhytomyr",627,"Volodars'ko-Volyns'kyi","UA.ZT.VO",NA,"","Raion","District","","VolodarskVolynsky"
628,240,"UKR","Ukraine",27,"Zhytomyr",628,"Zhytomyrs'ka","UA.ZT.ZM",NA,"","Misto","City","","Zhytomyr"
629,240,"UKR","Ukraine",27,"Zhytomyr",629,"Zhytomyrs'kyi","UA.ZT.ZR",NA,"","Raion","District","","Zhytomyrskyi"
