"OBJECTID","ID_0","ISO","NAME_0","ID_1","NAME_1","ID_2","NAME_2","TYPE_2","ENGTYPE_2","NL_NAME_2","VARNAME_2"
1,240,"UKR","Ukraine",1,"Cherkasy",1,"Cherkas'ka","Mis'ka Rada","Mis'ka Rada",NA,NA
2,240,"UKR","Ukraine",1,"Cherkasy",2,"Cherkas'kyi","Raion","District",NA,NA
3,240,"UKR","Ukraine",1,"Cherkasy",3,"Chornobaivs'kyi","Raion","District",NA,"Chornobayivskyi"
4,240,"UKR","Ukraine",1,"Cherkasy",4,"Chyhyryns'kyi","Raion","District",NA,NA
5,240,"UKR","Ukraine",1,"Cherkasy",5,"Drabivs'kyi","Raion","District",NA,NA
6,240,"UKR","Ukraine",1,"Cherkasy",6,"Horodyshchens'kyi","Raion","District",NA,"Gorodyschenskyi"
7,240,"UKR","Ukraine",1,"Cherkasy",7,"Kamians'kyi","Raion","District",NA,NA
8,240,"UKR","Ukraine",1,"Cherkasy",8,"Kanivs'ka","Misto","City",NA,NA
9,240,"UKR","Ukraine",1,"Cherkasy",9,"Kanivs'kyi","Raion","District",NA,NA
10,240,"UKR","Ukraine",1,"Cherkasy",10,"Katerynopil's'kyi","Raion","District",NA,NA
11,240,"UKR","Ukraine",1,"Cherkasy",11,"Khrystynivs'kyi","Raion","District",NA,NA
12,240,"UKR","Ukraine",1,"Cherkasy",12,"Korsun'-Shevchenkivs'kyi","Raion","District",NA,"KorsunShevchenkiv"
13,240,"UKR","Ukraine",1,"Cherkasy",13,"Lysians'kyi","Raion","District",NA,NA
14,240,"UKR","Ukraine",1,"Cherkasy",14,"Man'kivs'kyi","Raion","District",NA,"Mankivskyi"
15,240,"UKR","Ukraine",1,"Cherkasy",15,"Monastyryshchens'kyi","Raion","District",NA,"Monastyryshchens'"
16,240,"UKR","Ukraine",1,"Cherkasy",16,"Shpolians'kyi","Raion","District",NA,NA
17,240,"UKR","Ukraine",1,"Cherkasy",17,"Smilians'kyi","Raion","District",NA,NA
18,240,"UKR","Ukraine",1,"Cherkasy",18,"Tal'nivs'kyi","Raion","District",NA,NA
19,240,"UKR","Ukraine",1,"Cherkasy",19,"Umans'ka","Misto","City",NA,NA
20,240,"UKR","Ukraine",1,"Cherkasy",20,"Umans'kyi","Raion","District",NA,NA
21,240,"UKR","Ukraine",1,"Cherkasy",21,"Zhashkivs'kyi","Raion","District",NA,NA
22,240,"UKR","Ukraine",1,"Cherkasy",22,"Zolotonis'kyi","Raion","District",NA,NA
23,240,"UKR","Ukraine",1,"Cherkasy",23,"Zvenyhorods'kyi","Raion","District",NA,NA
24,240,"UKR","Ukraine",2,"Chernihiv",24,"Bakhmats'kyi","Raion","District",NA,"Bahmatskyi"
25,240,"UKR","Ukraine",2,"Chernihiv",25,"Bobrovyts'kyi","Raion","District",NA,"Bobrovytskyi"
26,240,"UKR","Ukraine",2,"Chernihiv",26,"Borznians'kyi","Raion","District",NA,"Borznyanskyi"
27,240,"UKR","Ukraine",2,"Chernihiv",27,"Chernihivs'ka","Misto","City",NA,"Chernigiv"
28,240,"UKR","Ukraine",2,"Chernihiv",28,"Chernihivs'kyi","Raion","District",NA,"Chernigivskyi"
29,240,"UKR","Ukraine",2,"Chernihiv",29,"Horodnians'kyi","Raion","District",NA,"Gorodnyanskyi"
30,240,"UKR","Ukraine",2,"Chernihiv",30,"Ichnians'kyi","Raion","District",NA,"Ichnyanskyi"
31,240,"UKR","Ukraine",2,"Chernihiv",31,"Koriukivs'kyi","Raion","District",NA,"Koryukivskyi"
32,240,"UKR","Ukraine",2,"Chernihiv",32,"Korops'kyi","Raion","District",NA,"Koropskyi"
33,240,"UKR","Ukraine",2,"Chernihiv",33,"Kozelets'kyi","Raion","District",NA,"Kozeletskyi"
34,240,"UKR","Ukraine",2,"Chernihiv",34,"Kulykivs'kyi","Raion","District",NA,"Kulykivskyi"
35,240,"UKR","Ukraine",2,"Chernihiv",35,"Mens'kyi","Raion","District",NA,"Menskyi"
36,240,"UKR","Ukraine",2,"Chernihiv",36,"Nizhyns'ka","Misto","City",NA,NA
37,240,"UKR","Ukraine",2,"Chernihiv",37,"Nizhyns'kyi","Raion","District",NA,"Nizhynskyi"
38,240,"UKR","Ukraine",2,"Chernihiv",38,"Nosivs'kyi","Raion","District",NA,"Nosivskyi"
39,240,"UKR","Ukraine",2,"Chernihiv",39,"Novhorod-Sivers'kyi","Raion","District",NA,"NovgorodSiverskyi"
40,240,"UKR","Ukraine",2,"Chernihiv",40,"Pryluts'ka","Misto","City",NA,NA
41,240,"UKR","Ukraine",2,"Chernihiv",41,"Pryluts'kyi","Raion","District",NA,"Prylutskyi"
42,240,"UKR","Ukraine",2,"Chernihiv",42,"Ripkyns'kyi","Raion","District",NA,"Ripchanskyi"
43,240,"UKR","Ukraine",2,"Chernihiv",43,"Semenivs'kyi","Raion","District",NA,"Semenivskyi"
44,240,"UKR","Ukraine",2,"Chernihiv",44,"Shchors'kyi","Raion","District",NA,"Schorskyi"
45,240,"UKR","Ukraine",2,"Chernihiv",45,"Sosnyts'kyi","Raion","District",NA,"Sosnytskyi"
46,240,"UKR","Ukraine",2,"Chernihiv",46,"Sribnians'kyi","Raion","District",NA,"Sribnyanskyi"
47,240,"UKR","Ukraine",2,"Chernihiv",47,"Talala‹vs'kyi","Raion","District",NA,"Talalayivskyi"
48,240,"UKR","Ukraine",2,"Chernihiv",48,"Varvyns'kyi","Raion","District",NA,"Varvenskyi"
49,240,"UKR","Ukraine",3,"Chernivtsi",49,"Chernivets'ka","Misto","City",NA,"Chernivtsi"
50,240,"UKR","Ukraine",3,"Chernivtsi",50,"Hlybots'kyi","Raion","District",NA,NA
51,240,"UKR","Ukraine",3,"Chernivtsi",51,"Kel'menets'kyi","Raion","District",NA,"Kelmenetskyi"
52,240,"UKR","Ukraine",3,"Chernivtsi",52,"Khotyns'kyi","Raion","District",NA,"Khotynskyi"
53,240,"UKR","Ukraine",3,"Chernivtsi",53,"Kitsmans'kyi","Raion","District",NA,"Kitsmanskyi"
54,240,"UKR","Ukraine",3,"Chernivtsi",54,"Novoselits'kyi","Raion","District",NA,"Novoselytskyi"
55,240,"UKR","Ukraine",3,"Chernivtsi",55,"Putyl's'kyi","Raion","District",NA,"Putylskyi"
56,240,"UKR","Ukraine",3,"Chernivtsi",56,"Sokyrians'kyi","Raion","District",NA,"Sokyryanskyi"
57,240,"UKR","Ukraine",3,"Chernivtsi",57,"Storozhynets'kyi","Raion","District",NA,"Storozhynetskyi"
58,240,"UKR","Ukraine",3,"Chernivtsi",58,"Vyzhnyts'kyi","Raion","District",NA,"Vyzhnytskyi"
59,240,"UKR","Ukraine",3,"Chernivtsi",59,"Zastavnets'kyi","Raion","District",NA,"Zastavnenskyi"
60,240,"UKR","Ukraine",4,"Crimea",60,"Alushtyns'ka","Mis'ka Rada","Mis'ka Rada",NA,"Alushta"
61,240,"UKR","Ukraine",4,"Crimea",61,"Bakhchysarais'kyi","Raion","District",NA,"Baghchasaray"
62,240,"UKR","Ukraine",4,"Crimea",62,"Bilohirs'kyi","Raion","Raion",NA,"Belogorskiy"
63,240,"UKR","Ukraine",4,"Crimea",63,"Chornomors'kyi","Raion","Raion",NA,"Chornomorskiy"
64,240,"UKR","Ukraine",4,"Crimea",64,"Dzhankois'ka","Misto","City",NA,"Dzhankoy"
65,240,"UKR","Ukraine",4,"Crimea",65,"Dzhankois'kyi","Raion","Raion",NA,NA
66,240,"UKR","Ukraine",4,"Crimea",66,"Feodosiis'ka","Misto","City",NA,"Feodosiya"
67,240,"UKR","Ukraine",4,"Crimea",67,"Ialtyns'ka","Misto","City",NA,"Yalta"
68,240,"UKR","Ukraine",4,"Crimea",68,"Ievpatoriis'ka","Misto","City",NA,NA
69,240,"UKR","Ukraine",4,"Crimea",69,"Kerchens'ka","Misto","City",NA,"Kerch"
70,240,"UKR","Ukraine",4,"Crimea",70,"Kirovs'kyi","Raion","Raion",NA,"Kirovskiy"
71,240,"UKR","Ukraine",4,"Crimea",71,"Krasnohvardiis'kyi","Raion","Raion",NA,"Krasnohvardiyske"
72,240,"UKR","Ukraine",4,"Crimea",72,"Krasnoperekops'kyi","Raion","District",NA,"Krasnoperekopsk"
73,240,"UKR","Ukraine",4,"Crimea",73,"Lenins'kyi","Raion","Raion",NA,"Leninskiy"
74,240,"UKR","Ukraine",4,"Crimea",74,"Nyzhn'ohirs'kyi","Raion","Raion",NA,"Nizhnegorskiy"
75,240,"UKR","Ukraine",4,"Crimea",75,"Pervomais'kyi","Raion","Raion",NA,"Pervomaiskiy"
76,240,"UKR","Ukraine",4,"Crimea",76,"Rozdol'nens'kyi","Raion","Raion",NA,"Rozdolnenskiy"
77,240,"UKR","Ukraine",4,"Crimea",77,"Saks'ka","Misto","City",NA,"Saq-city"
78,240,"UKR","Ukraine",4,"Crimea",78,"Saks'kyi","Raion","District",NA,"Saq"
79,240,"UKR","Ukraine",4,"Crimea",79,"Simferopol's'ka","Mis'ka Rada","Mis'ka Rada",NA,"Simferopol city"
80,240,"UKR","Ukraine",4,"Crimea",80,"Simferopol's'kyi","Raion","District",NA,"Simferopol"
81,240,"UKR","Ukraine",4,"Crimea",81,"Soviets'kyi","Raion","Raion",NA,"Sovetskiy"
82,240,"UKR","Ukraine",4,"Crimea",82,"Sudats'ka","Misto","City",NA,"Sudak"
83,240,"UKR","Ukraine",5,"Dnipropetrovs'k",83,"Apostolivs'kyi","Raion","District",NA,"Apostolovskyi"
84,240,"UKR","Ukraine",5,"Dnipropetrovs'k",84,"Dniprodzerzhyns'ka","Mis'ka Rada","Mis'ka Rada",NA,"Dniprodzerzhinsk"
85,240,"UKR","Ukraine",5,"Dnipropetrovs'k",85,"Dnipropetrovs'ka","Mis'ka Rada","Mis'ka Rada",NA,"Dnipropetrovsk"
86,240,"UKR","Ukraine",5,"Dnipropetrovs'k",86,"Dnipropetrovs'kyi","Raion","District",NA,"Dnipropetrovskyi"
87,240,"UKR","Ukraine",5,"Dnipropetrovs'k",87,"Iurïvs'kyi","Raion","District",NA,"Yuriivskyi"
88,240,"UKR","Ukraine",5,"Dnipropetrovs'k",88,"Krynychans'kyi","Raion","District",NA,"Krynychanskyi"
89,240,"UKR","Ukraine",5,"Dnipropetrovs'k",89,"Kryvoriz'kyi","Raion","District",NA,"Kryvorizkyi"
90,240,"UKR","Ukraine",5,"Dnipropetrovs'k",90,"KryvyiRig","Misto","City",NA,NA
91,240,"UKR","Ukraine",5,"Dnipropetrovs'k",91,"Mahdalynivs'kyi","Raion","District",NA,"Magdalynivskyi"
92,240,"UKR","Ukraine",5,"Dnipropetrovs'k",92,"Marhanets'ka","Mis'ka Rada","Mis'ka Rada",NA,"Marhanets"
93,240,"UKR","Ukraine",5,"Dnipropetrovs'k",93,"Mezhivs'kyi","Raion","District",NA,"Mezhovyi"
94,240,"UKR","Ukraine",5,"Dnipropetrovs'k",94,"Nikopol's'ka","Misto","City",NA,NA
95,240,"UKR","Ukraine",5,"Dnipropetrovs'k",95,"Nikopol's'kyi","Raion","District",NA,"Nikopolskyi"
96,240,"UKR","Ukraine",5,"Dnipropetrovs'k",96,"Novomoskovs'ka","Misto","City",NA,"Novomoskovsk"
97,240,"UKR","Ukraine",5,"Dnipropetrovs'k",97,"Novomoskovs'kyi","Raion","District",NA,"Novomoskovskyi"
98,240,"UKR","Ukraine",5,"Dnipropetrovs'k",98,"Ordzhonikidzevs'ka","Misto","City",NA,"Ordzhonikidze"
99,240,"UKR","Ukraine",5,"Dnipropetrovs'k",99,"Pavlograd","Misto","City",NA,NA
100,240,"UKR","Ukraine",5,"Dnipropetrovs'k",100,"Pavlohrads'kyi","Raion","District",NA,"Pavlogradskyi"
101,240,"UKR","Ukraine",5,"Dnipropetrovs'k",101,"Petropavlivs'kyi","Raion","District",NA,"Petropavlivskyi"
102,240,"UKR","Ukraine",5,"Dnipropetrovs'k",102,"Petrykivs'kyi","Raion","District",NA,"Petrykivskyi"
103,240,"UKR","Ukraine",5,"Dnipropetrovs'k",103,"Piatykhats'kyi","Raion","District",NA,"Pyatyhatskyi"
104,240,"UKR","Ukraine",5,"Dnipropetrovs'k",104,"Pokrovs'kyi","Raion","District",NA,"Pokrovskyi"
105,240,"UKR","Ukraine",5,"Dnipropetrovs'k",105,"Shyrokivs'kyi","Raion","District",NA,"Shyrochanskyi"
106,240,"UKR","Ukraine",5,"Dnipropetrovs'k",106,"Sofi‹vs'kyi","Raion","District",NA,"Sofiivskyi"
107,240,"UKR","Ukraine",5,"Dnipropetrovs'k",107,"Solonians'kyi","Raion","District",NA,"Solonyanskyi"
108,240,"UKR","Ukraine",5,"Dnipropetrovs'k",108,"Synel'nykivs'ka","Misto","City",NA,NA
109,240,"UKR","Ukraine",5,"Dnipropetrovs'k",109,"Synel'nykivs'kyi","Raion","District",NA,"Synelnikivskyi"
110,240,"UKR","Ukraine",5,"Dnipropetrovs'k",110,"Tomakivs'kyi","Raion","District",NA,"Tomakivskyi"
111,240,"UKR","Ukraine",5,"Dnipropetrovs'k",111,"Tsarychans'kyi","Raion","District",NA,"Tsarychanskyi"
112,240,"UKR","Ukraine",5,"Dnipropetrovs'k",112,"Vasyl'kivs'kyi","Raion","District",NA,"Vasylkivskyi"
113,240,"UKR","Ukraine",5,"Dnipropetrovs'k",113,"Verkhn'odniprovs'kyi","Raion","District",NA,"Verhnyodniprovsky"
114,240,"UKR","Ukraine",5,"Dnipropetrovs'k",114,"Zhovtovods'ka","Mis'ka Rada","Mis'ka Rada",NA,"ZhovtiVody"
115,240,"UKR","Ukraine",6,"Donets'k",115,"Amvrosi‹vs'kyi","Raion","District",NA,"Amvrosiivskyi"
116,240,"UKR","Ukraine",6,"Donets'k",116,"Artemivs'ka","Mis'ka Rada","Mis'ka Rada",NA,NA
117,240,"UKR","Ukraine",6,"Donets'k",117,"Artemivs'kyi","Raion","District",NA,"Artemivskyi"
118,240,"UKR","Ukraine",6,"Donets'k",118,"Dobropil's'ka","Mis'ka Rada","Mis'ka Rada",NA,"Dobropillia"
119,240,"UKR","Ukraine",6,"Donets'k",119,"Dobropil's'kyi","Raion","District",NA,"Dobropolskyi"
120,240,"UKR","Ukraine",6,"Donets'k",120,"Donets'ka","Mis'ka Rada","Mis'ka Rada",NA,"Donetsk"
121,240,"UKR","Ukraine",6,"Donets'k",121,"Dzerzhyns'ka","Mis'ka Rada","Mis'ka Rada",NA,"Dzerzhinsk-Don"
122,240,"UKR","Ukraine",6,"Donets'k",122,"Horlivs'ka","Mis'ka Rada","Mis'ka Rada",NA,"Gorlivka"
123,240,"UKR","Ukraine",6,"Donets'k",123,"Iasynuvats'ka","Misto","City",NA,NA
124,240,"UKR","Ukraine",6,"Donets'k",124,"Iasynuvats'kyi","Raion","District",NA,"Yasynuvatskyi"
125,240,"UKR","Ukraine",6,"Donets'k",125,"Ienakiievs'ka","Mis'ka Rada","Mis'ka Rada",NA,"Yenakiyeve"
126,240,"UKR","Ukraine",6,"Donets'k",126,"Khartsyz'ka","Mis'ka Rada","Mis'ka Rada",NA,"Khartsyzk"
127,240,"UKR","Ukraine",6,"Donets'k",127,"Kirovs'ka","Misto","City",NA,"Kirovske"
128,240,"UKR","Ukraine",6,"Donets'k",128,"Kostiantynivs'ka","Misto","City",NA,"Kostyantynivka"
129,240,"UKR","Ukraine",6,"Donets'k",129,"Kostiantynivs'kyi","Raion","District",NA,"Kostyantynivskyi"
130,240,"UKR","Ukraine",6,"Donets'k",130,"Kramators'ka","Mis'ka Rada","Mis'ka Rada",NA,"Kramatorsk"
131,240,"UKR","Ukraine",6,"Donets'k",131,"Krasnoarmiis'ka","Mis'ka Rada","Mis'ka Rada",NA,NA
132,240,"UKR","Ukraine",6,"Donets'k",132,"Krasnoarmiis'kyi","Raion","District",NA,"Krasnoarmeyskyi-D"
133,240,"UKR","Ukraine",6,"Donets'k",133,"Krasnolymans'ka","Mis'ka Rada","Mis'ka Rada",NA,NA
134,240,"UKR","Ukraine",6,"Donets'k",134,"Krasnolymans'kyi","Raion","District",NA,"Krasnolymanskyi"
135,240,"UKR","Ukraine",6,"Donets'k",135,"Maki‹vs'ka","Mis'ka Rada","Mis'ka Rada",NA,"Makiivka"
136,240,"UKR","Ukraine",6,"Donets'k",136,"Mar‹ns'kyi","Raion","District",NA,"Mariinskyi"
137,240,"UKR","Ukraine",6,"Donets'k",137,"Mariupol's'ka","Mis'ka Rada","Mis'ka Rada",NA,"Mariupol"
138,240,"UKR","Ukraine",6,"Donets'k",138,"n.a. ( 181)",NA,NA,NA,NA
139,240,"UKR","Ukraine",6,"Donets'k",139,"n.a. ( 319)",NA,NA,NA,NA
140,240,"UKR","Ukraine",6,"Donets'k",140,"n.a. ( 384)",NA,NA,NA,NA
141,240,"UKR","Ukraine",6,"Donets'k",141,"n.a. ( 394)",NA,NA,NA,NA
142,240,"UKR","Ukraine",6,"Donets'k",142,"n.a. ( 488)",NA,NA,NA,NA
143,240,"UKR","Ukraine",6,"Donets'k",143,"n.a. ( 493)",NA,NA,NA,NA
144,240,"UKR","Ukraine",6,"Donets'k",144,"n.a. ( 511)",NA,NA,NA,NA
145,240,"UKR","Ukraine",6,"Donets'k",145,"Novoazovs'kyi","Raion","District",NA,"Novoazovskyi"
146,240,"UKR","Ukraine",6,"Donets'k",146,"Novohrodivs'ka","Misto","City",NA,"Novohrodivka"
147,240,"UKR","Ukraine",6,"Donets'k",147,"Oleksandrivs'kyi","Raion","District",NA,"Oleksandrivskyi"
148,240,"UKR","Ukraine",6,"Donets'k",148,"Pershotravnevyi","Raion","District",NA,NA
149,240,"UKR","Ukraine",6,"Donets'k",149,"Selydovs'ka","Mis'ka Rada","Mis'ka Rada",NA,"Selydove"
150,240,"UKR","Ukraine",6,"Donets'k",150,"Shakhtars'ka","Mis'ka Rada","Mis'ka Rada",NA,"Shahtarsk-Don"
151,240,"UKR","Ukraine",6,"Donets'k",151,"Shakhtars'kyi","Raion","District",NA,"Shahtarskyi-Don"
152,240,"UKR","Ukraine",6,"Donets'k",152,"Slovians'ka","Mis'ka Rada","Mis'ka Rada",NA,"Sloviansk"
153,240,"UKR","Ukraine",6,"Donets'k",153,"Slovians'kyi","Raion","District",NA,"Slovyanskyi-Don"
154,240,"UKR","Ukraine",6,"Donets'k",154,"Snizhnens'ka","Mis'ka Rada","Mis'ka Rada",NA,"Snezhnoye"
155,240,"UKR","Ukraine",6,"Donets'k",155,"Starobeshivs'kyi","Raion","District",NA,"Starobeshevskyi"
156,240,"UKR","Ukraine",6,"Donets'k",156,"Tel'manivs'kyi","Raion","District",NA,"Telmanivskyi-Don"
157,240,"UKR","Ukraine",6,"Donets'k",157,"Torez'ka","Mis'ka Rada","Mis'ka Rada",NA,"Torez-Don"
158,240,"UKR","Ukraine",6,"Donets'k",158,"Velykonovosilkivs'kyi","Raion","District",NA,"Velykonovoselivsk"
159,240,"UKR","Ukraine",6,"Donets'k",159,"Volnovas'kyi","Raion","District",NA,"Volnovaskyi"
160,240,"UKR","Ukraine",6,"Donets'k",160,"Volodars'kyi","Raion","District",NA,"Volodarskyi"
161,240,"UKR","Ukraine",6,"Donets'k",161,"Vuhledars'ka","Misto","City",NA,"Vuhledar"
162,240,"UKR","Ukraine",6,"Donets'k",162,"Zhdanivs'ka","Mis'ka Rada","Mis'ka Rada",NA,"Zhdanivka"
163,240,"UKR","Ukraine",7,"Ivano-Frankivs'k",163,"Bohorodchans'kyi","Raion","District",NA,"Bogorodchanskyi"
164,240,"UKR","Ukraine",7,"Ivano-Frankivs'k",164,"Dolyns'kyi","Raion","District",NA,"Dolynskyi-Ifr"
165,240,"UKR","Ukraine",7,"Ivano-Frankivs'k",165,"Halyts'kyi","Raion","District",NA,"Galytskyi"
166,240,"UKR","Ukraine",7,"Ivano-Frankivs'k",166,"Horodenkivs'kyi","Raion","District",NA,"Gorodenkivskyi"
167,240,"UKR","Ukraine",7,"Ivano-Frankivs'k",167,"Iaremchans'ka","Mis'ka Rada","Mis'ka Rada",NA,"Yaremcha"
168,240,"UKR","Ukraine",7,"Ivano-Frankivs'k",168,"Ivano-Frankivs'ka","Mis'ka Rada","Mis'ka Rada",NA,NA
169,240,"UKR","Ukraine",7,"Ivano-Frankivs'k",169,"Kalus'kyi","Raion","District",NA,"Kaluskyi-Raion"
170,240,"UKR","Ukraine",7,"Ivano-Frankivs'k",170,"Kolomyis'kyi","Raion","District",NA,"Kolomyyskyi"
171,240,"UKR","Ukraine",7,"Ivano-Frankivs'k",171,"Kosivs'kyi","Raion","District",NA,"Kosivskyi"
172,240,"UKR","Ukraine",7,"Ivano-Frankivs'k",172,"Nadvirnians'kyi","Raion","District",NA,"Nadvirnyanskyi"
173,240,"UKR","Ukraine",7,"Ivano-Frankivs'k",173,"Rohatyns'kyi","Raion","District",NA,"Rogatynskyi"
174,240,"UKR","Ukraine",7,"Ivano-Frankivs'k",174,"Rozhniativs'kyi","Raion","District",NA,"Rozhnyativskyi"
175,240,"UKR","Ukraine",7,"Ivano-Frankivs'k",175,"Sniatyns'kyi","Raion","District",NA,"Snyatynskyi"
176,240,"UKR","Ukraine",7,"Ivano-Frankivs'k",176,"Tlumats'kyi","Raion","District",NA,"Tlumatskyi"
177,240,"UKR","Ukraine",7,"Ivano-Frankivs'k",177,"Tysmenyts'kyi","Raion","District",NA,"Tysmenetskyi"
178,240,"UKR","Ukraine",7,"Ivano-Frankivs'k",178,"Verkhovyns'kyi","Raion","District",NA,"Verhovynskyi"
179,240,"UKR","Ukraine",8,"Kharkiv",179,"Balakliis'kyi","Raion","District",NA,"Balakliya"
180,240,"UKR","Ukraine",8,"Kharkiv",180,"Barvinkivs'kyi","Raion","District",NA,"Barvenkove"
181,240,"UKR","Ukraine",8,"Kharkiv",181,"Blyzniukivs'kyi","Raion","District",NA,"Blyznyuky"
182,240,"UKR","Ukraine",8,"Kharkiv",182,"Bohodukhivs'kyi","Raion","District",NA,"Bohodukhiv"
183,240,"UKR","Ukraine",8,"Kharkiv",183,"Borivs'kyi","Raion","Raion",NA,NA
184,240,"UKR","Ukraine",8,"Kharkiv",184,"Chuhu‹vs'ka","Mis'ka Rada","Mis'ka Rada",NA,NA
185,240,"UKR","Ukraine",8,"Kharkiv",185,"Chuhu‹vs'kyi","Raion","District",NA,"Chihuyiv"
186,240,"UKR","Ukraine",8,"Kharkiv",186,"Derhachivs'kyi","Raion","District",NA,"Derhachi"
187,240,"UKR","Ukraine",8,"Kharkiv",187,"Dvorichans'kyi","Raion","District",NA,"Dvuricha"
188,240,"UKR","Ukraine",8,"Kharkiv",188,"Iziums'ka","Misto","City",NA,NA
189,240,"UKR","Ukraine",8,"Kharkiv",189,"Iziums'kyi","Raion","District",NA,"Izyum"
190,240,"UKR","Ukraine",8,"Kharkiv",190,"Kehychivs'kyi","Raion","District",NA,"Kehichivka"
191,240,"UKR","Ukraine",8,"Kharkiv",191,"Kharkivs'ka","Mis'ka Rada","Mis'ka Rada",NA,NA
192,240,"UKR","Ukraine",8,"Kharkiv",192,"Kharkivs'kyi","Raion","District",NA,"Kharkivsky"
193,240,"UKR","Ukraine",8,"Kharkiv",193,"Krasnohrads'kyi","Raion","District",NA,"Kkasnohrad"
194,240,"UKR","Ukraine",8,"Kharkiv",194,"Krasnokuts'kyi","Raion","District",NA,"Krasnokutsk"
195,240,"UKR","Ukraine",8,"Kharkiv",195,"Kupians'ka","Mis'ka Rada","Mis'ka Rada",NA,NA
196,240,"UKR","Ukraine",8,"Kharkiv",196,"Kupians'kyi","Raion","District",NA,"Kup'yansk"
197,240,"UKR","Ukraine",8,"Kharkiv",197,"Lozivs'ka","Mis'ka Rada","Mis'ka Rada",NA,NA
198,240,"UKR","Ukraine",8,"Kharkiv",198,"Lozivs'kyi","Raion","District",NA,"Lozova"
199,240,"UKR","Ukraine",8,"Kharkiv",199,"n.a. ( 180)",NA,NA,NA,NA
200,240,"UKR","Ukraine",8,"Kharkiv",200,"Novovodolaz'kyi","Raion","District",NA,"Nova Vodolaha"
201,240,"UKR","Ukraine",8,"Kharkiv",201,"Pecheniz'kyi","Raion","District",NA,"Pechenizkyi"
202,240,"UKR","Ukraine",8,"Kharkiv",202,"Pervomais'kyi","Raion","District",NA,"Pervomaisk"
203,240,"UKR","Ukraine",8,"Kharkiv",203,"Sakhnovshchyns'kyi","Raion","District",NA,"Sakhnovschyna"
204,240,"UKR","Ukraine",8,"Kharkiv",204,"Shevchenkivs'kyi","Raion","District",NA,"Shevchenkove"
205,240,"UKR","Ukraine",8,"Kharkiv",205,"Valkivs'kyi","Raion","District",NA,"Valky"
206,240,"UKR","Ukraine",8,"Kharkiv",206,"Velykoburluts'kyi","Raion","District",NA,"Velykyburluk"
207,240,"UKR","Ukraine",8,"Kharkiv",207,"Vovchans'kyi","Raion","District",NA,"Vovchansk"
208,240,"UKR","Ukraine",8,"Kharkiv",208,"Zachepylivs'kyi","Raion","District",NA,"Zachepylivka"
209,240,"UKR","Ukraine",8,"Kharkiv",209,"Zmiïvs'kyi","Raion","District",NA,"Zmiyiv"
210,240,"UKR","Ukraine",8,"Kharkiv",210,"Zolochivs'kyi","Raion","District",NA,"Zolochiv"
211,240,"UKR","Ukraine",9,"Kherson",211,"Beryslavs'kyi","Raion","District",NA,"Beryslavskyi"
212,240,"UKR","Ukraine",9,"Kherson",212,"Bilozers'kyi","Raion","District",NA,"Bilozerskyi"
213,240,"UKR","Ukraine",9,"Kherson",213,"Chaplyns'kyi","Raion","District",NA,"Chaplynskyi"
214,240,"UKR","Ukraine",9,"Kherson",214,"Heniches'kyi","Raion","District",NA,"Genicheskyi"
215,240,"UKR","Ukraine",9,"Kherson",215,"Holoprystans'kyi","Raion","District",NA,"Goloprystanskyi"
216,240,"UKR","Ukraine",9,"Kherson",216,"Hornosta‹vs'kyi","Raion","District",NA,"Gornostaivskyi"
217,240,"UKR","Ukraine",9,"Kherson",217,"Ivanivs'kyi","Raion","District",NA,"Ivanivskyi-Her"
218,240,"UKR","Ukraine",9,"Kherson",218,"Kakhovs'kyi","Raion","District",NA,"Kahovskyi"
219,240,"UKR","Ukraine",9,"Kherson",219,"Kalanchats'kyi","Raion","District",NA,"Kalanchatskyi"
220,240,"UKR","Ukraine",9,"Kherson",220,"Khersons'ka","Mis'ka Rada","Mis'ka Rada",NA,"Kherson"
221,240,"UKR","Ukraine",9,"Kherson",221,"Novokahovs'ka","Mis'ka Rada","Mis'ka Rada",NA,"NovaKakhovka"
222,240,"UKR","Ukraine",9,"Kherson",222,"Novotro‹ts'kyi","Raion","District",NA,"Novotroitskyi"
223,240,"UKR","Ukraine",9,"Kherson",223,"Novovorontsovs'kyi","Raion","District",NA,"Novovorontsovskyi"
224,240,"UKR","Ukraine",9,"Kherson",224,"Nyzhn'osirohoz'kyi","Raion","District",NA,"Nyzhnyosirogizkyi"
225,240,"UKR","Ukraine",9,"Kherson",225,"Skadovs'kyi","Raion","District",NA,"Skadovskyi"
226,240,"UKR","Ukraine",9,"Kherson",226,"Tsiurupyns'kyi","Raion","District",NA,"Tsyurupinskyi"
227,240,"UKR","Ukraine",9,"Kherson",227,"Velykolepetys'kyi","Raion","District",NA,"Velykolepetynskyi"
228,240,"UKR","Ukraine",9,"Kherson",228,"Velykooleksandrivs'kyi","Raion","District",NA,"Velykooleksandriv"
229,240,"UKR","Ukraine",9,"Kherson",229,"Verkhn'orohachyts'kyi","Raion","District",NA,"Verhnyerogachytsk"
230,240,"UKR","Ukraine",9,"Kherson",230,"Vysokopil's'kyi","Raion","District",NA,"Vysokopilskyi"
231,240,"UKR","Ukraine",10,"Khmel'nyts'kyy",231,"Bilohirs'kyi","Raion","District",NA,"Bilogirskyi"
232,240,"UKR","Ukraine",10,"Khmel'nyts'kyy",232,"Chemerovets'kyi","Raion","District",NA,"Chemerivskyi"
233,240,"UKR","Ukraine",10,"Khmel'nyts'kyy",233,"Derazhnians'kyi","Raion","District",NA,"Derazhnyanskyi"
234,240,"UKR","Ukraine",10,"Khmel'nyts'kyy",234,"Dunaievets'kyi","Raion","District",NA,"Dunayivskyi"
235,240,"UKR","Ukraine",10,"Khmel'nyts'kyy",235,"Horodots'kyi","Raion","District",NA,"Gorodotskyi-Khm"
236,240,"UKR","Ukraine",10,"Khmel'nyts'kyy",236,"Iarmolynets'kyi","Raion","District",NA,"Yarmolynetskyi"
237,240,"UKR","Ukraine",10,"Khmel'nyts'kyy",237,"Iziaslavs'kyi","Raion","District",NA,"Izyaslavskyi"
238,240,"UKR","Ukraine",10,"Khmel'nyts'kyy",238,"Kamianets'-Podil's'ka","Misto","City",NA,NA
239,240,"UKR","Ukraine",10,"Khmel'nyts'kyy",239,"Kamianets'-Podil's'kyi","Raion","District",NA,"KamyanetsPodilsky"
240,240,"UKR","Ukraine",10,"Khmel'nyts'kyy",240,"Khmel'nyts'ka","Misto","City",NA,"Khmelnytskyi-Cit"
241,240,"UKR","Ukraine",10,"Khmel'nyts'kyy",241,"Khmel'nyts'kyi","Raion","District",NA,"Khmelnytskyi"
242,240,"UKR","Ukraine",10,"Khmel'nyts'kyy",242,"Krasylivs'kyi","Raion","District",NA,"Krasylivskyi"
243,240,"UKR","Ukraine",10,"Khmel'nyts'kyy",243,"Letychivs'kyi","Raion","District",NA,"Letychivskyi"
244,240,"UKR","Ukraine",10,"Khmel'nyts'kyy",244,"Novoushyts'kyi","Raion","District",NA,"Novoushytskyi"
245,240,"UKR","Ukraine",10,"Khmel'nyts'kyy",245,"Polons'kyi","Raion","District",NA,"Polonyanskyi"
246,240,"UKR","Ukraine",10,"Khmel'nyts'kyy",246,"Shepetivs'ka","Misto","City",NA,NA
247,240,"UKR","Ukraine",10,"Khmel'nyts'kyy",247,"Shepetivs'kyi","Raion","District",NA,"Shepetivskyi"
248,240,"UKR","Ukraine",10,"Khmel'nyts'kyy",248,"Slavuts'kyi","Raion","District",NA,"Slavutytskyi"
249,240,"UKR","Ukraine",10,"Khmel'nyts'kyy",249,"Starokostiantynivs'kyi","Raion","District",NA,"Starokostyantyniv"
250,240,"UKR","Ukraine",10,"Khmel'nyts'kyy",250,"Starosyniavs'kyi","Raion","District",NA,"Starosynyavskyi"
251,240,"UKR","Ukraine",10,"Khmel'nyts'kyy",251,"Teofipol's'kyi","Raion","District",NA,"Teofipolskyi"
252,240,"UKR","Ukraine",10,"Khmel'nyts'kyy",252,"Vin'kovets'kyi","Raion","District",NA,"Vinkivskyi"
253,240,"UKR","Ukraine",10,"Khmel'nyts'kyy",253,"Volochys'kyi","Raion","District",NA,"Volochyskyi"
254,240,"UKR","Ukraine",11,"Kiev City",254,"Darnyts'kyi","Raion","Raion",NA,"Darnytskyi"
255,240,"UKR","Ukraine",11,"Kiev City",255,"Desnians'kyi","Raion","Raion",NA,"Desnianskyi"
256,240,"UKR","Ukraine",11,"Kiev City",256,"Dniprovs'kyi","Raion","Raion",NA,"Dniprovskyi"
257,240,"UKR","Ukraine",11,"Kiev City",257,"Holosiïvs'kyi","Raion","Raion",NA,"Holosiivskyi"
258,240,"UKR","Ukraine",11,"Kiev City",258,"Obolons'kyi","Raion","Raion",NA,"Obolonskyi"
259,240,"UKR","Ukraine",11,"Kiev City",259,"Pechers'kyi","Raion","Raion",NA,"Pecherskyi"
260,240,"UKR","Ukraine",11,"Kiev City",260,"Podil's'kyi","Raion","Raion",NA,"Podilskyi"
261,240,"UKR","Ukraine",11,"Kiev City",261,"Shevchenkivs'kyi","Raion","Raion",NA,"Shevchenkivskyi"
262,240,"UKR","Ukraine",11,"Kiev City",262,"Solomians'kyi","Raion","Raion",NA,"Solomianskyi"
263,240,"UKR","Ukraine",11,"Kiev City",263,"Sviatoshyns'kyi","Raion","Raion",NA,"Sviatoshynskyi"
264,240,"UKR","Ukraine",12,"Kiev",264,"Baryshivs'kyi","Raion","District",NA,"Baryshivskyi"
265,240,"UKR","Ukraine",12,"Kiev",265,"Bilotserkivs'ka","Misto","City",NA,"BilaTserkva"
266,240,"UKR","Ukraine",12,"Kiev",266,"Bilotserkivs'kyi","Raion","District",NA,"Bilotserkovskyi"
267,240,"UKR","Ukraine",12,"Kiev",267,"Bohuslavs'kyi","Raion","District",NA,"Boguslavskyi"
268,240,"UKR","Ukraine",12,"Kiev",268,"Borodians'kyi","Raion","District",NA,"Borodyanskyi"
269,240,"UKR","Ukraine",12,"Kiev",269,"Boryspil's'ka","Mis'ka Rada","Mis'ka Rada",NA,"Boryspilskyi"
270,240,"UKR","Ukraine",12,"Kiev",270,"Brovars'ka","Misto","City",NA,NA
271,240,"UKR","Ukraine",12,"Kiev",271,"Brovars'kyi","Raion","District",NA,"Brovarskyi"
272,240,"UKR","Ukraine",12,"Kiev",272,"Fastivs'ka","Misto","City",NA,NA
273,240,"UKR","Ukraine",12,"Kiev",273,"Fastivs'kyi","Raion","District",NA,"Fastivskyi"
274,240,"UKR","Ukraine",12,"Kiev",274,"Iahotyns'kyi","Raion","District",NA,"Yagotynskyi"
275,240,"UKR","Ukraine",12,"Kiev",275,"Irpins'ka","Mis'ka Rada","Mis'ka Rada",NA,"Irpin"
276,240,"UKR","Ukraine",12,"Kiev",276,"Ivankivs'kyi","Raion","District",NA,"Ivankivskyi"
277,240,"UKR","Ukraine",12,"Kiev",277,"Kaharlyts'kyi","Raion","District",NA,"Kagarlytskyi"
278,240,"UKR","Ukraine",12,"Kiev",278,"Kyievo-Sviatoshyns'kyi","Raion","District",NA,"KyevoSvyatoshynsk"
279,240,"UKR","Ukraine",12,"Kiev",279,"Makarivs'kyi","Raion","District",NA,"Makarivskyi"
280,240,"UKR","Ukraine",12,"Kiev",280,"Myronivs'kyi","Raion","District",NA,"Myronivskyi"
281,240,"UKR","Ukraine",12,"Kiev",281,"Obukhivs'kyi","Raion","District",NA,"Obuhivskyi"
282,240,"UKR","Ukraine",12,"Kiev",282,"Pereiaslav-Khmel'nyts'ka","Misto","City",NA,NA
283,240,"UKR","Ukraine",12,"Kiev",283,"Pereiaslav-Khmel'nyts'kyi","Raion","District",NA,"PereyaslavHmelnyt"
284,240,"UKR","Ukraine",12,"Kiev",284,"Polis'kyi","Raion","District",NA,"Poliskyi-Kyi"
285,240,"UKR","Ukraine",12,"Kiev",285,"Rokytnians'kyi","Raion","District",NA,"Rokytnyanskyi"
286,240,"UKR","Ukraine",12,"Kiev",286,"Skvyrs'kyi","Raion","District",NA,"Skvyrskyi"
287,240,"UKR","Ukraine",12,"Kiev",287,"Stavyshchens'kyi","Raion","District",NA,"Stavyschenskyi"
288,240,"UKR","Ukraine",12,"Kiev",288,"Tarashchans'kyi","Raion","District",NA,"Taraschanskyi"
289,240,"UKR","Ukraine",12,"Kiev",289,"Tetiïvs'kyi","Raion","District",NA,"Tetiivskyi"
290,240,"UKR","Ukraine",12,"Kiev",290,"Vasyl'kivs'kyi","Raion","District",NA,"Vasylkivskyi"
291,240,"UKR","Ukraine",12,"Kiev",291,"Volodars'kyi","Raion","District",NA,"Volodarskyi-Kyi"
292,240,"UKR","Ukraine",12,"Kiev",292,"Vyshhorods'kyi","Raion","District",NA,"Vyshgorodskyi"
293,240,"UKR","Ukraine",12,"Kiev",293,"Zgurivs'kyi","Raion","District",NA,"Zgurivskyi"
294,240,"UKR","Ukraine",13,"Kirovohrad",294,"Bobrynets'kyi","Raion","District",NA,"Bobrynetskyi"
295,240,"UKR","Ukraine",13,"Kirovohrad",295,"Dobrovelychkivs'kyi","Raion","District",NA,"Dobrovelychkivsky"
296,240,"UKR","Ukraine",13,"Kirovohrad",296,"Dolyns'kyi","Raion","District",NA,"Dolynskyi-Krv"
297,240,"UKR","Ukraine",13,"Kirovohrad",297,"Haivorons'kyi","Raion","District",NA,"Gayvoronskyi"
298,240,"UKR","Ukraine",13,"Kirovohrad",298,"Holovanivs'kyi","Raion","District",NA,"Golovanivskyi"
299,240,"UKR","Ukraine",13,"Kirovohrad",299,"Kirovohrads'kyi","Raion","District",NA,"Kirovogradskyi"
300,240,"UKR","Ukraine",13,"Kirovohrad",300,"Kompani‹vs'kyi","Raion","District",NA,"Kompaniivskyi"
301,240,"UKR","Ukraine",13,"Kirovohrad",301,"Malovyskivs'kyi","Raion","District",NA,"Malovyskyi"
302,240,"UKR","Ukraine",13,"Kirovohrad",302,"Novhorodkivs'kyi","Raion","District",NA,"Novgorodskyi"
303,240,"UKR","Ukraine",13,"Kirovohrad",303,"Novoarkhanhel's'kyi","Raion","District",NA,"Novoarhangelskyi"
304,240,"UKR","Ukraine",13,"Kirovohrad",304,"Novomyrhorods'kyi","Raion","District",NA,"Novomyrgorodskyi"
305,240,"UKR","Ukraine",13,"Kirovohrad",305,"Novoukra‹ns'kyi","Raion","District",NA,"Novoukrainskyi"
306,240,"UKR","Ukraine",13,"Kirovohrad",306,"Oleksandriis'kyi","Raion","District",NA,"Oleksandriyskyi"
307,240,"UKR","Ukraine",13,"Kirovohrad",307,"Oleksandrivs'kyi","Raion","District",NA,"Oleksandrivskyi"
308,240,"UKR","Ukraine",13,"Kirovohrad",308,"Onufri‹vs'kyi","Raion","District",NA,"Onufriivskyi"
309,240,"UKR","Ukraine",13,"Kirovohrad",309,"Petrivs'kyi","Raion","District",NA,"Petrovskyi-Krv"
310,240,"UKR","Ukraine",13,"Kirovohrad",310,"Svitlovods'kyi","Raion","District",NA,"Svitlovodskyi-Krv"
311,240,"UKR","Ukraine",13,"Kirovohrad",311,"Ul'ianovs'kyi","Raion","District",NA,"Ulyanivskyi-Krv"
312,240,"UKR","Ukraine",13,"Kirovohrad",312,"Ustynivs'kyi","Raion","District",NA,"Ustynivskyi"
313,240,"UKR","Ukraine",13,"Kirovohrad",313,"Vil'shans'kyi","Raion","District",NA,"Vilshanskyi"
314,240,"UKR","Ukraine",13,"Kirovohrad",314,"Znamians'kyi","Raion","District",NA,"Znamyanskyi"
315,240,"UKR","Ukraine",14,"L'viv",315,"Brodivs'kyi","Raion","District",NA,"Brodivskyi"
316,240,"UKR","Ukraine",14,"L'viv",316,"Bus'kyi","Raion","District",NA,"Buskyi"
317,240,"UKR","Ukraine",14,"L'viv",317,"Chervonohrads'ka","Mis'ka Rada","Mis'ka Rada",NA,"Chervonohrad"
318,240,"UKR","Ukraine",14,"L'viv",318,"Drohobyts'ka","Mis'ka Rada","Mis'ka Rada",NA,NA
319,240,"UKR","Ukraine",14,"L'viv",319,"Drohobyts'kyi","Raion","District",NA,"Drogobytskyi"
320,240,"UKR","Ukraine",14,"L'viv",320,"Horodots'kyi","Raion","District",NA,"Gorodotskyi-Lvi"
321,240,"UKR","Ukraine",14,"L'viv",321,"Iavorivs'kyi","Raion","District",NA,"Yavorivskyi"
322,240,"UKR","Ukraine",14,"L'viv",322,"Kamianka-Buz'kyi","Raion","District",NA,"KamyankaBuzkyi"
323,240,"UKR","Ukraine",14,"L'viv",323,"L'vivs'ka","Mis'ka Rada","Mis'ka Rada",NA,"Lviv"
324,240,"UKR","Ukraine",14,"L'viv",324,"Mostys'kyi","Raion","District",NA,"Mostyskyi"
325,240,"UKR","Ukraine",14,"L'viv",325,"Mykola‹vs'kyi","Raion","District",NA,"Mykolayivskyi-Lvi"
326,240,"UKR","Ukraine",14,"L'viv",326,"Peremyshlians'kyi","Raion","District",NA,"Peremyshlyanskyi"
327,240,"UKR","Ukraine",14,"L'viv",327,"Pustomytivs'kyi","Raion","District",NA,"Pustomytivskyi"
328,240,"UKR","Ukraine",14,"L'viv",328,"Radekhivs'kyi","Raion","District",NA,"Radehivskyi"
329,240,"UKR","Ukraine",14,"L'viv",329,"Sambirs'ka","Misto","City",NA,NA
330,240,"UKR","Ukraine",14,"L'viv",330,"Sambirs'kyi","Raion","District",NA,"Sambirskyi"
331,240,"UKR","Ukraine",14,"L'viv",331,"Skolivs'kyi","Raion","District",NA,"Skolevskyi"
332,240,"UKR","Ukraine",14,"L'viv",332,"Sokal's'kyi","Raion","District",NA,"Sokalskyi"
333,240,"UKR","Ukraine",14,"L'viv",333,"Starosambirs'kyi","Raion","District",NA,"Starosambirskyi"
334,240,"UKR","Ukraine",14,"L'viv",334,"Stryis'ka","Misto","City",NA,NA
335,240,"UKR","Ukraine",14,"L'viv",335,"Stryis'kyi","Raion","District",NA,"Stryyskyi"
336,240,"UKR","Ukraine",14,"L'viv",336,"Turkivs'kyi","Raion","District",NA,"Turkskyi-Lvi"
337,240,"UKR","Ukraine",14,"L'viv",337,"Zhovkivs'kyi","Raion","District",NA,"Zhovkvovskyi"
338,240,"UKR","Ukraine",14,"L'viv",338,"Zhydachivs'kyi","Raion","District",NA,"Zhydachivskyi"
339,240,"UKR","Ukraine",14,"L'viv",339,"Zolochivs'kyi","Raion","District",NA,"Zolochivskyi"
340,240,"UKR","Ukraine",15,"Luhans'k",340,"Alchevs'ka","Misto","City",NA,"Alchevsk"
341,240,"UKR","Ukraine",15,"Luhans'k",341,"Antratsitivs'ka","Mis'ka Rada","Mis'ka Rada",NA,"Antratsyt"
342,240,"UKR","Ukraine",15,"Luhans'k",342,"Antratsytivs'kyi","Raion","District",NA,"Antratsytovskyi"
343,240,"UKR","Ukraine",15,"Luhans'k",343,"Bilokurakyns'kyi","Raion","District",NA,"Bilokurakinskyi"
344,240,"UKR","Ukraine",15,"Luhans'k",344,"Bilovods'kyi","Raion","District",NA,"Bilovodskyi"
345,240,"UKR","Ukraine",15,"Luhans'k",345,"Briankivs'ka","Mis'ka Rada","Mis'ka Rada",NA,"Brianka"
346,240,"UKR","Ukraine",15,"Luhans'k",346,"Kirovs'ka","Mis'ka Rada","Mis'ka Rada",NA,"Kirovsk"
347,240,"UKR","Ukraine",15,"Luhans'k",347,"Krasnodons'ka","Mis'ka Rada","Mis'ka Rada",NA,"Krasnodons'ka"
348,240,"UKR","Ukraine",15,"Luhans'k",348,"Krasnodons'kyi","Raion","District",NA,"Krasnodonskyi"
349,240,"UKR","Ukraine",15,"Luhans'k",349,"Krasnoluts'ka","Mis'ka Rada","Mis'ka Rada",NA,NA
350,240,"UKR","Ukraine",15,"Luhans'k",350,"Kremins'kyi","Raion","District",NA,"Kreminskyi"
351,240,"UKR","Ukraine",15,"Luhans'k",351,"Luhans'ka","Mis'ka Rada","Mis'ka Rada",NA,"Lugansk"
352,240,"UKR","Ukraine",15,"Luhans'k",352,"Lutuhyns'kyi","Raion","District",NA,"Lutuginskyi"
353,240,"UKR","Ukraine",15,"Luhans'k",353,"Lysychans'ka","Mis'ka Rada","Mis'ka Rada",NA,"Lisychansk"
354,240,"UKR","Ukraine",15,"Luhans'k",354,"Markivs'kyi","Raion","District",NA,"Markivskyi-Lug"
355,240,"UKR","Ukraine",15,"Luhans'k",355,"Milovs'kyi","Raion","District",NA,"Milovskyi"
356,240,"UKR","Ukraine",15,"Luhans'k",356,"n.a. ( 182)",NA,NA,NA,NA
357,240,"UKR","Ukraine",15,"Luhans'k",357,"Novoaidars'kyi","Raion","District",NA,"Novoaydarskyi"
358,240,"UKR","Ukraine",15,"Luhans'k",358,"Novopskovs'kyi","Raion","District",NA,"Novopskovskyi"
359,240,"UKR","Ukraine",15,"Luhans'k",359,"Pereval's'kyi","Raion","District",NA,"Perevalskyi"
360,240,"UKR","Ukraine",15,"Luhans'k",360,"Popasnians'kyi","Raion","District",NA,"Popasnyanskyi"
361,240,"UKR","Ukraine",15,"Luhans'k",361,"Roven'kivs'ka","Mis'ka Rada","Mis'ka Rada",NA,"Rovenki"
362,240,"UKR","Ukraine",15,"Luhans'k",362,"Rubezhans'ka","Misto","City",NA,"Rubizhne"
363,240,"UKR","Ukraine",15,"Luhans'k",363,"Sieverodonets'ka","Mis'ka Rada","Mis'ka Rada",NA,"Severodonetsk"
364,240,"UKR","Ukraine",15,"Luhans'k",364,"Slovianoserbs'kyi","Raion","District",NA,"Slovyanoserbskyi"
365,240,"UKR","Ukraine",15,"Luhans'k",365,"Stakhanivs'ka","Mis'ka Rada","Mis'ka Rada",NA,"Stahanov"
366,240,"UKR","Ukraine",15,"Luhans'k",366,"Stanychno-Luhans'kyi","Raion","District",NA,"StanichnoLugansky"
367,240,"UKR","Ukraine",15,"Luhans'k",367,"Starobil's'kyi","Raion","District",NA,"Starobilskyi"
368,240,"UKR","Ukraine",15,"Luhans'k",368,"Svativs'kyi","Raion","District",NA,"Svatovskyi"
369,240,"UKR","Ukraine",15,"Luhans'k",369,"Sverdlovs'ka","Mis'ka Rada","Mis'ka Rada",NA,"Sverdlovs'ka"
370,240,"UKR","Ukraine",15,"Luhans'k",370,"Sverdlovs'kyi","Raion","District",NA,"Sverdlovskyi-Lug"
371,240,"UKR","Ukraine",15,"Luhans'k",371,"Tro‹ts'kyi","Raion","District",NA,"Troitskyi-Lug"
372,240,"UKR","Ukraine",16,"Mykolayiv",372,"Arbuzyns'kyi","Raion","District",NA,"Arbuzynskyi"
373,240,"UKR","Ukraine",16,"Mykolayiv",373,"Bashtans'kyi","Raion","District",NA,"Bashtanskyi"
374,240,"UKR","Ukraine",16,"Mykolayiv",374,"Berezans'kyi","Raion","District",NA,"Berezanskyi"
375,240,"UKR","Ukraine",16,"Mykolayiv",375,"Bereznehuvats'kyi","Raion","District",NA,"Berezneguvatskyi"
376,240,"UKR","Ukraine",16,"Mykolayiv",376,"Brats'kyi","Raion","District",NA,"Bratskyi-Myk"
377,240,"UKR","Ukraine",16,"Mykolayiv",377,"Domanivs'kyi","Raion","District",NA,"Domanivskyi"
378,240,"UKR","Ukraine",16,"Mykolayiv",378,"Ielanets'kyi","Raion","District",NA,"Yelanetskyi"
379,240,"UKR","Ukraine",16,"Mykolayiv",379,"Kazanetskyi","Raion","District",NA,"Kazankivs'kyi"
380,240,"UKR","Ukraine",16,"Mykolayiv",380,"Kryvoozers'kyi","Raion","District",NA,"Kryvoozerskyi"
381,240,"UKR","Ukraine",16,"Mykolayiv",381,"Mykola‹vs'ka","Misto","City",NA,"Mykolayiv-Myk"
382,240,"UKR","Ukraine",16,"Mykolayiv",382,"Mykola‹vs'kyi","Raion","District",NA,"Mykolayivskyi-Myl"
383,240,"UKR","Ukraine",16,"Mykolayiv",383,"Novobuz'kyi","Raion","District",NA,"Novobuzkyi"
384,240,"UKR","Ukraine",16,"Mykolayiv",384,"Novoodes'kyi","Raion","District",NA,"Novoodeskyi"
385,240,"UKR","Ukraine",16,"Mykolayiv",385,"Ochakivs'kyi","Raion","District",NA,"Ochakivskyi"
386,240,"UKR","Ukraine",16,"Mykolayiv",386,"Pervomais'ka","Misto","City",NA,NA
387,240,"UKR","Ukraine",16,"Mykolayiv",387,"Pervomais'kyi","Raion","District",NA,"Pervomayskyi-Myk"
388,240,"UKR","Ukraine",16,"Mykolayiv",388,"Snihurivs'kyi","Raion","District",NA,"Snigurivskyi"
389,240,"UKR","Ukraine",16,"Mykolayiv",389,"Veselynivs'kyi","Raion","District",NA,"Veselynovskyi"
390,240,"UKR","Ukraine",16,"Mykolayiv",390,"Voznesens'ka","Misto","City",NA,NA
391,240,"UKR","Ukraine",16,"Mykolayiv",391,"Voznesens'kyi","Raion","District",NA,"Voznesenskyi-Myk"
392,240,"UKR","Ukraine",16,"Mykolayiv",392,"Vradi‹vs'kyi","Raion","District",NA,"Vradiyivskyi"
393,240,"UKR","Ukraine",16,"Mykolayiv",393,"Zhovtnevyi","Raion","District",NA,"Zhovtnevyi-Myk"
394,240,"UKR","Ukraine",17,"Odessa",394,"Anan'‹vs'kyi","Raion","District",NA,"Ananyivskyi"
395,240,"UKR","Ukraine",17,"Odessa",395,"Artsyz'kyi","Raion","District",NA,"Artsyzkyi"
396,240,"UKR","Ukraine",17,"Odessa",396,"Balts'kyi","Raion","District",NA,"Baltenskyi"
397,240,"UKR","Ukraine",17,"Odessa",397,"Berezivs'kyi","Raion","District",NA,"Berezivskyi-Ode"
398,240,"UKR","Ukraine",17,"Odessa",398,"Bilhorod-Dnistrovs'ka","Mis'ka Rada","Mis'ka Rada",NA,NA
399,240,"UKR","Ukraine",17,"Odessa",399,"Bilhorod-Dnistrovs'kyi","Raion","District",NA,"Bilgorod Dnistrovs"
400,240,"UKR","Ukraine",17,"Odessa",400,"Bilia‹vs'kyi","Raion","District",NA,"Bilyayivskyi"
401,240,"UKR","Ukraine",17,"Odessa",401,"Bolhrads'kyi","Raion","District",NA,"Bolgradskyi-Ode"
402,240,"UKR","Ukraine",17,"Odessa",402,"Frunzivs'kyi","Raion","District",NA,"Frunzevskyi-Ode"
403,240,"UKR","Ukraine",17,"Odessa",403,"Ivanivs'kyi","Raion","District",NA,"Ivanivskyi-Ode"
404,240,"UKR","Ukraine",17,"Odessa",404,"Izma‹l's'ka","Misto","City",NA,"Izmayilskyi"
405,240,"UKR","Ukraine",17,"Odessa",405,"Kiliis'kyi","Raion","District",NA,"Kiliyskyi"
406,240,"UKR","Ukraine",17,"Odessa",406,"Kodyms'kyi","Raion","District",NA,"Kodymskyi"
407,240,"UKR","Ukraine",17,"Odessa",407,"Kominternivs'kyi","Raion","District",NA,"Kominternivskyi"
408,240,"UKR","Ukraine",17,"Odessa",408,"Kotovs'ka","Misto","City",NA,NA
409,240,"UKR","Ukraine",17,"Odessa",409,"Kotovs'kyi","Raion","District",NA,"Kotovskyi-Ode"
410,240,"UKR","Ukraine",17,"Odessa",410,"Krasnooknians'kyi","Raion","District",NA,"Krasnooknyanskyi"
411,240,"UKR","Ukraine",17,"Odessa",411,"Liubashivs'kyi","Raion","District",NA,"Lyubashivskyi"
412,240,"UKR","Ukraine",17,"Odessa",412,"Mykola‹vs'kyi","Raion","District",NA,"Mykolayivskyi-Ode"
413,240,"UKR","Ukraine",17,"Odessa",413,"Odes'ka","Misto","City",NA,"Odesa"
414,240,"UKR","Ukraine",17,"Odessa",414,"Ovidiopol's'kyi","Raion","District",NA,"Ovidiopolskyi"
415,240,"UKR","Ukraine",17,"Odessa",415,"Reniis'kyi","Raion","District",NA,"Reniyskyi"
416,240,"UKR","Ukraine",17,"Odessa",416,"Rozdil'nias'kyi","Raion","District",NA,"Rozdilnenskyi"
417,240,"UKR","Ukraine",17,"Odessa",417,"Sarats'kyi","Raion","District",NA,"Saratskyi"
418,240,"UKR","Ukraine",17,"Odessa",418,"Savrans'kyi","Raion","District",NA,"Savranskyi"
419,240,"UKR","Ukraine",17,"Odessa",419,"Shyria‹vs'kyi","Raion","District",NA,"Shyrayevskyi"
420,240,"UKR","Ukraine",17,"Odessa",420,"Tarutyns'kyi","Raion","District",NA,"Tarutynskyi"
421,240,"UKR","Ukraine",17,"Odessa",421,"Tatarbunars'kyi","Raion","District",NA,"Tatarbunarskyi"
422,240,"UKR","Ukraine",17,"Odessa",422,"Velykomykhailivs'kyi","Raion","District",NA,"Velykomyhaylivsky"
423,240,"UKR","Ukraine",18,"Poltava",423,"Chornukhyns'kyi","Raion","District",NA,"Chornuskyi"
424,240,"UKR","Ukraine",18,"Poltava",424,"Chutivs'kyi","Raion","District",NA,"Chutovskyi"
425,240,"UKR","Ukraine",18,"Poltava",425,"Dykans'kyi","Raion","District",NA,"Dykanskyi"
426,240,"UKR","Ukraine",18,"Poltava",426,"Hadiats'kyi","Raion","District",NA,"Gadyatskyi-Pol"
427,240,"UKR","Ukraine",18,"Poltava",427,"Hlobyns'kyi","Raion","District",NA,"Globinskyi-Pol"
428,240,"UKR","Ukraine",18,"Poltava",428,"Hrebinkivs'kyi","Raion","District",NA,"Grebinkivskyi"
429,240,"UKR","Ukraine",18,"Poltava",429,"Karlivs'kyi","Raion","District",NA,"Karlivskyi"
430,240,"UKR","Ukraine",18,"Poltava",430,"Khorol's'kyi","Raion","District",NA,"Horolskyi"
431,240,"UKR","Ukraine",18,"Poltava",431,"Kobeliats'kyi","Raion","District",NA,"Kobelyatskyi"
432,240,"UKR","Ukraine",18,"Poltava",432,"Komsomol's'ka","Mis'ka Rada","Mis'ka Rada",NA,"Komsomolsk-Pol"
433,240,"UKR","Ukraine",18,"Poltava",433,"Kotelevs'kyi","Raion","District",NA,"Kotelvskyi"
434,240,"UKR","Ukraine",18,"Poltava",434,"Kozel'shchyns'kyi","Raion","District",NA,"Kozelschynskyi"
435,240,"UKR","Ukraine",18,"Poltava",435,"Kremenchuts'ka","Misto","City",NA,"Kremenchug-Pol"
436,240,"UKR","Ukraine",18,"Poltava",436,"Kremenchuts'kyi","Raion","District",NA,"Kremenchutskyi"
437,240,"UKR","Ukraine",18,"Poltava",437,"Lokhvyts'kyi","Raion","District",NA,"Lohvytskyi"
438,240,"UKR","Ukraine",18,"Poltava",438,"Lubens'ka","Misto","City",NA,NA
439,240,"UKR","Ukraine",18,"Poltava",439,"Lubens'kyi","Raion","District",NA,"Lubenskyi"
440,240,"UKR","Ukraine",18,"Poltava",440,"Mashivs'kyi","Raion","District",NA,"Mashivskyi"
441,240,"UKR","Ukraine",18,"Poltava",441,"Myrhorods'kyi","Raion","District",NA,"Myrgorodskyi"
442,240,"UKR","Ukraine",18,"Poltava",442,"Novosanzhars'kyi","Raion","District",NA,"Novosanzharskyi"
443,240,"UKR","Ukraine",18,"Poltava",443,"Orzhyts'kyi","Raion","District",NA,"Orzhytskyi"
444,240,"UKR","Ukraine",18,"Poltava",444,"Poltavs'ka","Misto","City",NA,"Poltava"
445,240,"UKR","Ukraine",18,"Poltava",445,"Poltavs'kyi","Raion","District",NA,"Poltavskyi"
446,240,"UKR","Ukraine",18,"Poltava",446,"Pyriatyns'kyi","Raion","District",NA,"Piryatinskyi"
447,240,"UKR","Ukraine",18,"Poltava",447,"Reshetylivs'kyi","Raion","District",NA,"Reshetylivskyi"
448,240,"UKR","Ukraine",18,"Poltava",448,"Semenivs'kyi","Raion","District",NA,"Semenivskyi"
449,240,"UKR","Ukraine",18,"Poltava",449,"Shyshats'kyi","Raion","District",NA,"Shyshatskyi"
450,240,"UKR","Ukraine",18,"Poltava",450,"Velykobahachans'kyi","Raion","District",NA,"Velykobagatskyi"
451,240,"UKR","Ukraine",18,"Poltava",451,"Zin'kivs'kyi","Raion","District",NA,"Zinkivskyi"
452,240,"UKR","Ukraine",19,"Rivne",452,"Bereznivs'kyi","Raion","District",NA,"Bereznyatskyi"
453,240,"UKR","Ukraine",19,"Rivne",453,"Demydiv's'kyi","Raion","Raion",NA,"Demydivskyi"
454,240,"UKR","Ukraine",19,"Rivne",454,"Dubens'kyi","Raion","District",NA,"Dubenskyi"
455,240,"UKR","Ukraine",19,"Rivne",455,"Dubnivs'ka","Misto","City",NA,"Dubno"
456,240,"UKR","Ukraine",19,"Rivne",456,"Dubrovyts'kyi","Raion","District",NA,"Dubrovytskyi"
457,240,"UKR","Ukraine",19,"Rivne",457,"Hoshchans'kyi","Raion","District",NA,"Goschanskyi"
458,240,"UKR","Ukraine",19,"Rivne",458,"Korets'kyi","Raion","District",NA,"Koretskyi"
459,240,"UKR","Ukraine",19,"Rivne",459,"Kostopil's'kyi","Raion","District",NA,"Kostopilskyi"
460,240,"UKR","Ukraine",19,"Rivne",460,"Mlynivs'kyi","Raion","Raion",NA,"Mlynivskyi"
461,240,"UKR","Ukraine",19,"Rivne",461,"Ostroz'kyi","Raion","District",NA,"Ostrozkyi-Riv"
462,240,"UKR","Ukraine",19,"Rivne",462,"Radyvylivs'kyi","Raion","District",NA,"Radyvylivskyi"
463,240,"UKR","Ukraine",19,"Rivne",463,"Rivnens'ka","Misto","City",NA,"Rivne"
464,240,"UKR","Ukraine",19,"Rivne",464,"Rivnens'kyi","Raion","District",NA,"Rivnenskyi"
465,240,"UKR","Ukraine",19,"Rivne",465,"Rokytnivs'kyi","Raion","District",NA,"Rokytnyanskyi-Riv"
466,240,"UKR","Ukraine",19,"Rivne",466,"Sarnens'kyi","Raion","District",NA,"Sarnenskyi"
467,240,"UKR","Ukraine",19,"Rivne",467,"Volodymyrets'kyi","Raion","District",NA,"Volodymyretskyi"
468,240,"UKR","Ukraine",19,"Rivne",468,"Zarichnens'kyi","Raion","District",NA,"Zarichnenskyi"
469,240,"UKR","Ukraine",19,"Rivne",469,"Zdolbunivs'kyi","Raion","District",NA,"Zdolbunivskyi"
470,240,"UKR","Ukraine",20,"Sevastopol'",470,"Balaklavs'kyi","Raion","Raion",NA,"Balaklavskiy"
471,240,"UKR","Ukraine",20,"Sevastopol'",471,"Haharins'kyi","Raion","Raion",NA,"Gagarinskiy"
472,240,"UKR","Ukraine",20,"Sevastopol'",472,"Lenins'kyi","Raion","Raion",NA,"Leninskiy"
473,240,"UKR","Ukraine",20,"Sevastopol'",473,"Nakhimovs'kyi","Raion","Raion",NA,"Nakhimovskiy"
474,240,"UKR","Ukraine",21,"Sumy",474,"Bilopils'kyi","Raion","District",NA,"Bilopilskyi"
475,240,"UKR","Ukraine",21,"Sumy",475,"Buryns'kyi","Raion","District",NA,"Burynskyi"
476,240,"UKR","Ukraine",21,"Sumy",476,"Hlukhivs'kyi","Raion","District",NA,"Gluhivskyi"
477,240,"UKR","Ukraine",21,"Sumy",477,"Iampil's'kyi","Raion","District",NA,"Yampilskyi-Sum"
478,240,"UKR","Ukraine",21,"Sumy",478,"Konotops'ka","Mis'ka Rada","Mis'ka Rada",NA,NA
479,240,"UKR","Ukraine",21,"Sumy",479,"Konotops'kyi","Raion","District",NA,"Konotopskyi"
480,240,"UKR","Ukraine",21,"Sumy",480,"Krasnopil's'kyi","Raion","District",NA,"Krasnopilskyi"
481,240,"UKR","Ukraine",21,"Sumy",481,"Krolevets'kyi","Raion","District",NA,"Krolevetskyi"
482,240,"UKR","Ukraine",21,"Sumy",482,"Lebedyns'kyi","Raion","District",NA,"Lebedynskyi"
483,240,"UKR","Ukraine",21,"Sumy",483,"Lypovodolyns'kyi","Raion","District",NA,"Lypovodolynskyi"
484,240,"UKR","Ukraine",21,"Sumy",484,"Nedryhailivs'kyi","Raion","District",NA,"Nedrygaylivskyi"
485,240,"UKR","Ukraine",21,"Sumy",485,"Okhtyrs'ka","Mis'ka Rada","Mis'ka Rada",NA,NA
486,240,"UKR","Ukraine",21,"Sumy",486,"Okhtyrs'kyi","Raion","Raion",NA,"Ahtyrskyi-Sum"
487,240,"UKR","Ukraine",21,"Sumy",487,"Putyvl's'kyi","Raion","District",NA,"Putyvlskyi"
488,240,"UKR","Ukraine",21,"Sumy",488,"Romens'ka","Mis'ka Rada","Mis'ka Rada",NA,NA
489,240,"UKR","Ukraine",21,"Sumy",489,"Romens'kyi","Raion","District",NA,"Romenskyi"
490,240,"UKR","Ukraine",21,"Sumy",490,"Seredyno-Buds'kyi","Raion","District",NA,"Seredynobudskyi"
491,240,"UKR","Ukraine",21,"Sumy",491,"Shostkins'ka","Misto","City",NA,NA
492,240,"UKR","Ukraine",21,"Sumy",492,"Shostkins'kyi","Raion","District",NA,"Shostskyi"
493,240,"UKR","Ukraine",21,"Sumy",493,"Sums'ka","Mis'ka Rada","Mis'ka Rada",NA,"Sumy"
494,240,"UKR","Ukraine",21,"Sumy",494,"Sums'kyi","Raion","District",NA,"Sumskyi"
495,240,"UKR","Ukraine",21,"Sumy",495,"Trostianets'kyi","Raion","District",NA,"Trostyanetskyi"
496,240,"UKR","Ukraine",21,"Sumy",496,"Velykopysarivs'kyi","Raion","District",NA,"Velykopysarivskyi"
497,240,"UKR","Ukraine",22,"Ternopil'",497,"Berezhans'kyi","Raion","District",NA,"Berezhanskyi"
498,240,"UKR","Ukraine",22,"Ternopil'",498,"Borshchivs'kyi","Raion","District",NA,"Borschivskyi"
499,240,"UKR","Ukraine",22,"Ternopil'",499,"Buchats'kyi","Raion","District",NA,"Buchachskyi"
500,240,"UKR","Ukraine",22,"Ternopil'",500,"Chortkivs'kyi","Raion","District",NA,"Chortkivskyi"
501,240,"UKR","Ukraine",22,"Ternopil'",501,"Husiatyns'kyi","Raion","District",NA,"Gusyatynskyi"
502,240,"UKR","Ukraine",22,"Ternopil'",502,"Kozivs'kyi","Raion","District",NA,"Kozovskyi"
503,240,"UKR","Ukraine",22,"Ternopil'",503,"Kremenets'kyi","Raion","District",NA,"Kremenetskyi"
504,240,"UKR","Ukraine",22,"Ternopil'",504,"Lanovets'kyi","Raion","Raion",NA,"Lanivskyi"
505,240,"UKR","Ukraine",22,"Ternopil'",505,"Monastyrys'kyi","Raion","District",NA,"Monastyryskyi"
506,240,"UKR","Ukraine",22,"Ternopil'",506,"Pidhaiets'kyi","Raion","District",NA,"Pidgayskyi"
507,240,"UKR","Ukraine",22,"Ternopil'",507,"Pidvolochys'kyi","Raion","District",NA,"Pidvolochinskyi"
508,240,"UKR","Ukraine",22,"Ternopil'",508,"Shums'kyi","Raion","District",NA,"Shumskyi"
509,240,"UKR","Ukraine",22,"Ternopil'",509,"Terebovlians'kyi","Raion","District",NA,"Terebovlskyi"
510,240,"UKR","Ukraine",22,"Ternopil'",510,"Ternopil's'ka","Misto","City",NA,"Ternopil"
511,240,"UKR","Ukraine",22,"Ternopil'",511,"Ternopil's'kyi","Raion","District",NA,"Ternopilskyi"
512,240,"UKR","Ukraine",22,"Ternopil'",512,"Zalishchyts'kyi","Raion","District",NA,"Zalischynskyi"
513,240,"UKR","Ukraine",22,"Ternopil'",513,"Zbaraz'kyi","Raion","District",NA,"Zbarazkyi"
514,240,"UKR","Ukraine",22,"Ternopil'",514,"Zborivs'kyi","Raion","District",NA,"Zborivskyi"
515,240,"UKR","Ukraine",23,"Transcarpathia",515,"Berehivs'kyi","Raion","District",NA,"Beregovskyi"
516,240,"UKR","Ukraine",23,"Transcarpathia",516,"Irshavs'kyi","Raion","District",NA,"Irshavskyi"
517,240,"UKR","Ukraine",23,"Transcarpathia",517,"Khusts'kyi","Raion","District",NA,"Khustskyi"
518,240,"UKR","Ukraine",23,"Transcarpathia",518,"Mizhhirs'kyi","Raion","District",NA,"Mizhgirskyi"
519,240,"UKR","Ukraine",23,"Transcarpathia",519,"Mukachivs'ka","Misto","City",NA,NA
520,240,"UKR","Ukraine",23,"Transcarpathia",520,"Mukachivs'kyi","Raion","District",NA,"Mukachevskyi"
521,240,"UKR","Ukraine",23,"Transcarpathia",521,"Perechyns'kyi","Raion","District",NA,"Perechynskyi"
522,240,"UKR","Ukraine",23,"Transcarpathia",522,"Rakhivs'kyi","Raion","District",NA,"Rahivskyi"
523,240,"UKR","Ukraine",23,"Transcarpathia",523,"Svaliavs'kyi","Raion","District",NA,"Svalyavskyi"
524,240,"UKR","Ukraine",23,"Transcarpathia",524,"Tiachivs'kyi","Raion","District",NA,"Tyachivskyi"
525,240,"UKR","Ukraine",23,"Transcarpathia",525,"Uzhhorods'ka","Misto","City",NA,"Uzhgorod"
526,240,"UKR","Ukraine",23,"Transcarpathia",526,"Uzhhorods'kyi","Raion","District",NA,"Uzhgorodskyi"
527,240,"UKR","Ukraine",23,"Transcarpathia",527,"Velykobereznians'kyi","Raion","District",NA,"Velykobereznyansk"
528,240,"UKR","Ukraine",23,"Transcarpathia",528,"Volovets'kyi","Raion","District",NA,"Volovetskyi"
529,240,"UKR","Ukraine",23,"Transcarpathia",529,"Vynohradivs'kyi","Raion","District",NA,"Vynogradivskyi"
530,240,"UKR","Ukraine",24,"Vinnytsya",530,"Bars'kyi","Raion","District",NA,"Barskyi"
531,240,"UKR","Ukraine",24,"Vinnytsya",531,"Bershads'kyi","Raion","District",NA,"Bershadskyi"
532,240,"UKR","Ukraine",24,"Vinnytsya",532,"Chechel'nyts'kyi","Raion","District",NA,"Chechelnyskyi"
533,240,"UKR","Ukraine",24,"Vinnytsya",533,"Iampil's'kyi","Raion","District",NA,"Yampilskyi-Vin"
534,240,"UKR","Ukraine",24,"Vinnytsya",534,"Illinets'kyi","Raion","District",NA,"Illintsivskyi"
535,240,"UKR","Ukraine",24,"Vinnytsya",535,"Kalynivs'kyi","Raion","District",NA,"Kalynivskyi"
536,240,"UKR","Ukraine",24,"Vinnytsya",536,"Khmil'nyts'kyi","Raion","District",NA,"Khmilnitskyi-Vin"
537,240,"UKR","Ukraine",24,"Vinnytsya",537,"Koziatyns'kyi","Raion","District",NA,"Kozyatynskyi"
538,240,"UKR","Ukraine",24,"Vinnytsya",538,"Kryzhopil's'kyi","Raion","District",NA,"Kryzhopilskyi"
539,240,"UKR","Ukraine",24,"Vinnytsya",539,"Ladyzhyns'ka","Mis'ka Rada","Mis'ka Rada",NA,NA
540,240,"UKR","Ukraine",24,"Vinnytsya",540,"Lityns'kyi","Raion","District",NA,"Litynskyi"
541,240,"UKR","Ukraine",24,"Vinnytsya",541,"Lypovets'kyi","Raion","District",NA,"Lypovetskyi"
542,240,"UKR","Ukraine",24,"Vinnytsya",542,"Mohyliv-Podil's'ka","Mis'ka Rada","Mis'ka Rada",NA,NA
543,240,"UKR","Ukraine",24,"Vinnytsya",543,"Mohyliv-Podil's'kyi","Raion","District",NA,NA
544,240,"UKR","Ukraine",24,"Vinnytsya",544,"Murovano-Kurylovets'kyi","Raion","District",NA,"MurovanoKurylovet"
545,240,"UKR","Ukraine",24,"Vinnytsya",545,"Nemyrivs'kyi","Raion","District",NA,"Nemyrivskyi"
546,240,"UKR","Ukraine",24,"Vinnytsya",546,"Orativs'kyi","Raion","District",NA,"Orativskyi"
547,240,"UKR","Ukraine",24,"Vinnytsya",547,"Pishchans'kyi","Raion","District",NA,"Pischanskyi"
548,240,"UKR","Ukraine",24,"Vinnytsya",548,"Pohrebyshchens'kyi","Raion","District",NA,"Pogrebyschenskyi"
549,240,"UKR","Ukraine",24,"Vinnytsya",549,"Sharhorods'kyi","Raion","District",NA,"Shargorodskyi"
550,240,"UKR","Ukraine",24,"Vinnytsya",550,"Teplyts'kyi","Raion","District",NA,"Teplytskyi"
551,240,"UKR","Ukraine",24,"Vinnytsya",551,"Tomashpil's'kyi","Raion","District",NA,"Tomashpilskyi"
552,240,"UKR","Ukraine",24,"Vinnytsya",552,"Trostianets'kyi","Raion","District",NA,"Trostyanetskyi"
553,240,"UKR","Ukraine",24,"Vinnytsya",553,"Tul'chyns'kyi","Raion","District",NA,"Tulchynskyi"
554,240,"UKR","Ukraine",24,"Vinnytsya",554,"Tyvrivs'kyi","Raion","District",NA,"Tyvrivskyi"
555,240,"UKR","Ukraine",24,"Vinnytsya",555,"Vinnyts'ka","Misto","City",NA,"Vinnytsya"
556,240,"UKR","Ukraine",24,"Vinnytsya",556,"Vinnyts'kyi","Raion","District",NA,"Vinnytskyi"
557,240,"UKR","Ukraine",24,"Vinnytsya",557,"Zhmeryns'ka","Misto","City",NA,NA
558,240,"UKR","Ukraine",24,"Vinnytsya",558,"Zhmeryns'kyi","Raion","District",NA,"Zhmerynskyi"
559,240,"UKR","Ukraine",25,"Volyn",559,"Horokhivs'kyi","Raion","District",NA,"Gorohivskyi"
560,240,"UKR","Ukraine",25,"Volyn",560,"Ivanychivs'kyi","Raion","District",NA,"Ivanytskyi"
561,240,"UKR","Ukraine",25,"Volyn",561,"Kamin'-Kashyrs'kyi","Raion","District",NA,"KaminKashyrskyi"
562,240,"UKR","Ukraine",25,"Volyn",562,"Kivertsivs'kyi","Raion","District",NA,"Kiveretskyi"
563,240,"UKR","Ukraine",25,"Volyn",563,"Kovel's'ka","Misto","City",NA,NA
564,240,"UKR","Ukraine",25,"Volyn",564,"Kovel's'kyi","Raion","District",NA,"Kovelskyi"
565,240,"UKR","Ukraine",25,"Volyn",565,"Liubeshivs'kyi","Raion","District",NA,"Lyubeshivskyi"
566,240,"UKR","Ukraine",25,"Volyn",566,"Liuboml's'ky","Raion","Raion",NA,"Lyubomlskyi"
567,240,"UKR","Ukraine",25,"Volyn",567,"Lokachyns'kyi","Raion","District",NA,"Lokatskyi"
568,240,"UKR","Ukraine",25,"Volyn",568,"Luts'ka","Misto","City",NA,"Lutsk"
569,240,"UKR","Ukraine",25,"Volyn",569,"Luts'kyi","Raion","District",NA,"Lutskyi"
570,240,"UKR","Ukraine",25,"Volyn",570,"Manevyts'kyi","Raion","District",NA,"Manevytskyi"
571,240,"UKR","Ukraine",25,"Volyn",571,"Novovolyns'ka","Mis'ka Rada","Mis'ka Rada",NA,NA
572,240,"UKR","Ukraine",25,"Volyn",572,"Ratnivs'kyi","Raion","District",NA,"Ratnenskyi"
573,240,"UKR","Ukraine",25,"Volyn",573,"Rozhyshchens'kyi","Raion","District",NA,"Rozhyschenskyi"
574,240,"UKR","Ukraine",25,"Volyn",574,"Shats'kyi","Raion","District",NA,"Shatskyi"
575,240,"UKR","Ukraine",25,"Volyn",575,"Starovyzhivs'kyi","Raion","District",NA,"Starovyzhivskyi"
576,240,"UKR","Ukraine",25,"Volyn",576,"Turiis'kyi","Raion","District",NA,"Turiyskyi"
577,240,"UKR","Ukraine",25,"Volyn",577,"Volodymyr-Volyns'kyi","Raion","District",NA,"VolodymyrVolynsky"
578,240,"UKR","Ukraine",26,"Zaporizhzhya",578,"Berdians'ka","Mis'ka Rada","Mis'ka Rada",NA,"Berdyansk"
579,240,"UKR","Ukraine",26,"Zaporizhzhya",579,"Berdians'kyi","Raion","District",NA,"Berdyanskyi"
580,240,"UKR","Ukraine",26,"Zaporizhzhya",580,"Chernihivs'kyi","Raion","District",NA,"Chernigivskyi-Zap"
581,240,"UKR","Ukraine",26,"Zaporizhzhya",581,"Enerhodars'ka","Misto","City",NA,"Enerhodar"
582,240,"UKR","Ukraine",26,"Zaporizhzhya",582,"Huliaipil's'kyi","Raion","District",NA,"Gulyaypolskyi"
583,240,"UKR","Ukraine",26,"Zaporizhzhya",583,"Iakymivs'kyi","Raion","District",NA,"Yakymivskyi"
584,240,"UKR","Ukraine",26,"Zaporizhzhya",584,"Kamians'ko-Dniprovs'kyi","Raion","District",NA,"KamyanskoDniprovs|KamyanskoDniprovsky"
585,240,"UKR","Ukraine",26,"Zaporizhzhya",585,"Kuibyshevs'kyi","Raion","District",NA,"Kuybyshevskyi-Zap"
586,240,"UKR","Ukraine",26,"Zaporizhzhya",586,"Melitopol's'ka","Misto","City",NA,"Melitopol"
587,240,"UKR","Ukraine",26,"Zaporizhzhya",587,"Melitopol's'kyi","Raion","District",NA,"Melitopolskyi"
588,240,"UKR","Ukraine",26,"Zaporizhzhya",588,"Mykhailivs'kyi","Raion","District",NA,"Myhalivskyi-Zap"
589,240,"UKR","Ukraine",26,"Zaporizhzhya",589,"Novomykola‹vs'kyi","Raion","District",NA,"Novomykolaivskyi"
590,240,"UKR","Ukraine",26,"Zaporizhzhya",590,"Orikhivs'kyi","Raion","District",NA,"Orihivskyi"
591,240,"UKR","Ukraine",26,"Zaporizhzhya",591,"Polohivs'kyi","Raion","District",NA,"Polozkyi"
592,240,"UKR","Ukraine",26,"Zaporizhzhya",592,"Pryazovs'kyi","Raion","District",NA,"Pryazovskyi"
593,240,"UKR","Ukraine",26,"Zaporizhzhya",593,"Prymors'kyi","Raion","District",NA,"Prymorskyi-Zap"
594,240,"UKR","Ukraine",26,"Zaporizhzhya",594,"Rozivs'kyi","Raion","District",NA,"Rozivskyi-Zap"
595,240,"UKR","Ukraine",26,"Zaporizhzhya",595,"Tokmats'ka","Misto","City",NA,NA
596,240,"UKR","Ukraine",26,"Zaporizhzhya",596,"Tokmats'kyi","Raion","District",NA,"Tokmakskyi"
597,240,"UKR","Ukraine",26,"Zaporizhzhya",597,"Vasylivs'kyi","Raion","District",NA,"Vasylivskyi-Zap"
598,240,"UKR","Ukraine",26,"Zaporizhzhya",598,"Velykobilozers'kyi","Raion","District",NA,"Velykobilozerskyi"
599,240,"UKR","Ukraine",26,"Zaporizhzhya",599,"Veselivs'kyi","Raion","District",NA,"Veselivskyi"
600,240,"UKR","Ukraine",26,"Zaporizhzhya",600,"Vil'nians'kyi","Raion","District",NA,"Vilnyanskyi"
601,240,"UKR","Ukraine",26,"Zaporizhzhya",601,"Zaporiz'ka","Mis'ka Rada","Mis'ka Rada",NA,"Zaporizhia"
602,240,"UKR","Ukraine",26,"Zaporizhzhya",602,"Zaporiz'kyi","Raion","District",NA,"Zaporizkyi"
603,240,"UKR","Ukraine",27,"Zhytomyr",603,"Andrushivs'kyi","Raion","District",NA,"Andrushivskyi"
604,240,"UKR","Ukraine",27,"Zhytomyr",604,"Baranivs'kyi","Raion","District",NA,"Baranivskyi"
605,240,"UKR","Ukraine",27,"Zhytomyr",605,"Berdychivs'ka","Misto","City",NA,NA
606,240,"UKR","Ukraine",27,"Zhytomyr",606,"Berdychivs'kyi","Raion","District",NA,"Berdychivskyi"
607,240,"UKR","Ukraine",27,"Zhytomyr",607,"Brusylivs'kyi","Raion","District",NA,"Brusylivskyi"
608,240,"UKR","Ukraine",27,"Zhytomyr",608,"Cherniakhivs'kyi","Raion","District",NA,"Chernyahivskyi"
609,240,"UKR","Ukraine",27,"Zhytomyr",609,"Chervonoarmiis'kyi","Raion","District",NA,"Chervonoarmiyskyi"
610,240,"UKR","Ukraine",27,"Zhytomyr",610,"Chudnivs'kyi","Raion","District",NA,"Chudnivskyi"
611,240,"UKR","Ukraine",27,"Zhytomyr",611,"Iemil'chyns'kyi","Raion","District",NA,"Yemilchenskyi"
612,240,"UKR","Ukraine",27,"Zhytomyr",612,"Korostens'ka","Misto","City",NA,NA
613,240,"UKR","Ukraine",27,"Zhytomyr",613,"Korostens'kyi","Raion","District",NA,"Korostenskyi"
614,240,"UKR","Ukraine",27,"Zhytomyr",614,"Korostyshivs'kyi","Raion","Raion",NA,"Korostyshivskyi"
615,240,"UKR","Ukraine",27,"Zhytomyr",615,"Liubars'kyi","Raion","District",NA,"Lyubarskyi"
616,240,"UKR","Ukraine",27,"Zhytomyr",616,"Luhyns'kyi","Raion","District",NA,"Lugynskyi"
617,240,"UKR","Ukraine",27,"Zhytomyr",617,"Malyns'kyi","Raion","District",NA,"Malynskyi"
618,240,"UKR","Ukraine",27,"Zhytomyr",618,"Narodyts'kyi","Raion","District",NA,"Narodytskyi"
619,240,"UKR","Ukraine",27,"Zhytomyr",619,"Novohrad-Volyns'ka","Misto","City",NA,NA
620,240,"UKR","Ukraine",27,"Zhytomyr",620,"Novohrad-Volyns'kyi","Raion","District",NA,"NovogradVolynskyi"
621,240,"UKR","Ukraine",27,"Zhytomyr",621,"Olevs'kyi","Raion","District",NA,"Olevskyi"
622,240,"UKR","Ukraine",27,"Zhytomyr",622,"Ovruts'kyi","Raion","District",NA,"Ovrutskyi"
623,240,"UKR","Ukraine",27,"Zhytomyr",623,"Popil'nians'kyi","Raion","District",NA,"Popilnyanskyi"
624,240,"UKR","Ukraine",27,"Zhytomyr",624,"Radomyshl's'kyi","Raion","District",NA,"Radomyshlskyi"
625,240,"UKR","Ukraine",27,"Zhytomyr",625,"Romanivs'kyi","Raion","District",NA,"Romanivskyi-Zhy"
626,240,"UKR","Ukraine",27,"Zhytomyr",626,"Ruzhyns'kyi","Raion","District",NA,"Ruzhynskyi"
627,240,"UKR","Ukraine",27,"Zhytomyr",627,"Volodars'ko-Volyns'kyi","Raion","District",NA,"VolodarskVolynsky"
628,240,"UKR","Ukraine",27,"Zhytomyr",628,"Zhytomyrs'ka","Misto","City",NA,"Zhytomyr"
629,240,"UKR","Ukraine",27,"Zhytomyr",629,"Zhytomyrs'kyi","Raion","District",NA,"Zhytomyrskyi"
